date,score,country,term,translated_term,score_difference
2019-11-03,48,nl,baking,bakken,-1.0
2019-11-10,45,nl,baking,bakken,-2.0
2019-11-17,51,nl,baking,bakken,3.0
2019-11-24,46,nl,baking,bakken,-8.0
2019-12-01,51,nl,baking,bakken,7.0
2019-12-08,48,nl,baking,bakken,-5.0
2019-12-15,57,nl,baking,bakken,-3.0
2019-12-22,98,nl,baking,bakken,-2.0
2019-12-29,80,nl,baking,bakken,8.0
2020-01-05,52,nl,baking,bakken,3.0
2020-01-12,52,nl,baking,bakken,4.0
2020-01-19,50,nl,baking,bakken,1.0
2020-01-26,53,nl,baking,bakken,0.0
2020-02-02,53,nl,baking,bakken,0.0
2020-02-09,53,nl,baking,bakken,9.0
2020-02-16,49,nl,baking,bakken,4.0
2020-02-23,49,nl,baking,bakken,7.0
2020-03-01,46,nl,baking,bakken,-1.0
2020-03-08,51,nl,baking,bakken,2.0
2020-03-15,75,nl,baking,bakken,35.0
2020-03-22,83,nl,baking,bakken,40.0
2020-03-29,87,nl,baking,bakken,45.0
2020-04-05,80,nl,baking,bakken,42.0
2020-04-12,77,nl,baking,bakken,35.0
2020-04-19,67,nl,baking,bakken,31.0
2020-04-26,86,nl,baking,bakken,42.0
2020-05-03,70,nl,baking,bakken,28.0
2020-05-10,62,nl,baking,bakken,27.0
2020-05-17,64,nl,baking,bakken,29.0
2020-05-24,53,nl,baking,bakken,13.0
2020-05-31,52,nl,baking,bakken,12.0
2020-06-07,53,nl,baking,bakken,10.0
2020-06-14,48,nl,baking,bakken,15.0
2020-06-21,40,nl,baking,bakken,12.0
2020-06-28,45,nl,baking,bakken,12.0
2020-07-05,55,nl,baking,bakken,15.0
2020-07-12,49,nl,baking,bakken,10.0
2020-07-19,53,nl,baking,bakken,23.0
2020-07-26,47,nl,baking,bakken,9.0
2020-08-02,46,nl,baking,bakken,10.0
2020-08-09,42,nl,baking,bakken,-3.0
2020-08-16,49,nl,baking,bakken,6.0
2020-08-23,55,nl,baking,bakken,18.0
2020-08-30,49,nl,baking,bakken,12.0
2020-09-06,52,nl,baking,bakken,13.0
2020-09-13,50,nl,baking,bakken,13.0
2020-09-20,51,nl,baking,bakken,7.0
2020-09-27,56,nl,baking,bakken,13.0
2020-10-04,60,nl,baking,bakken,18.0
2020-10-11,67,nl,baking,bakken,20.0
2020-10-18,70,nl,baking,bakken,23.0
2020-10-25,70,nl,baking,bakken,24.0
2020-11-01,64,nl,baking,bakken,16.0
2019-11-03,28,uk,baking,baking,-1.0
2019-11-10,29,uk,baking,baking,1.0
2019-11-17,31,uk,baking,baking,3.0
2019-11-24,28,uk,baking,baking,0.0
2019-12-01,30,uk,baking,baking,-1.0
2019-12-08,28,uk,baking,baking,-3.0
2019-12-15,33,uk,baking,baking,0.0
2019-12-22,33,uk,baking,baking,1.0
2019-12-29,26,uk,baking,baking,-2.0
2020-01-05,26,uk,baking,baking,0.0
2020-01-12,28,uk,baking,baking,3.0
2020-01-19,26,uk,baking,baking,-1.0
2020-01-26,27,uk,baking,baking,2.0
2020-02-02,30,uk,baking,baking,2.0
2020-02-09,30,uk,baking,baking,0.0
2020-02-16,31,uk,baking,baking,4.0
2020-02-23,29,uk,baking,baking,3.0
2020-03-01,27,uk,baking,baking,-2.0
2020-03-08,29,uk,baking,baking,0.0
2020-03-15,36,uk,baking,baking,8.0
2020-03-22,65,uk,baking,baking,37.0
2020-03-29,92,uk,baking,baking,66.0
2020-04-05,100,uk,baking,baking,73.0
2020-04-12,98,uk,baking,baking,69.0
2020-04-19,87,uk,baking,baking,64.0
2020-04-26,94,uk,baking,baking,72.0
2020-05-03,92,uk,baking,baking,68.0
2020-05-10,84,uk,baking,baking,62.0
2020-05-17,77,uk,baking,baking,54.0
2020-05-24,64,uk,baking,baking,37.0
2020-05-31,61,uk,baking,baking,38.0
2020-06-07,58,uk,baking,baking,36.0
2020-06-14,51,uk,baking,baking,28.0
2020-06-21,44,uk,baking,baking,20.0
2020-06-28,46,uk,baking,baking,22.0
2020-07-05,42,uk,baking,baking,18.0
2020-07-12,39,uk,baking,baking,16.0
2020-07-19,40,uk,baking,baking,17.0
2020-07-26,36,uk,baking,baking,10.0
2020-08-02,32,uk,baking,baking,5.0
2020-08-09,32,uk,baking,baking,4.0
2020-08-16,32,uk,baking,baking,5.0
2020-08-23,33,uk,baking,baking,5.0
2020-08-30,32,uk,baking,baking,2.0
2020-09-06,32,uk,baking,baking,4.0
2020-09-13,29,uk,baking,baking,-1.0
2020-09-20,34,uk,baking,baking,4.0
2020-09-27,37,uk,baking,baking,9.0
2020-10-04,40,uk,baking,baking,11.0
2020-10-11,41,uk,baking,baking,12.0
2020-10-18,41,uk,baking,baking,11.0
2020-10-25,51,uk,baking,baking,18.0
2020-11-01,38,uk,baking,baking,10.0
2019-11-03,38,ger,baking,backen,2.0
2019-11-10,42,ger,baking,backen,6.0
2019-11-17,44,ger,baking,backen,5.0
2019-11-24,46,ger,baking,backen,5.0
2019-12-01,48,ger,baking,backen,6.0
2019-12-08,44,ger,baking,backen,5.0
2019-12-15,46,ger,baking,backen,7.0
2019-12-22,41,ger,baking,backen,7.0
2019-12-29,33,ger,baking,backen,3.0
2020-01-05,26,ger,baking,backen,1.0
2020-01-12,29,ger,baking,backen,5.0
2020-01-19,31,ger,baking,backen,5.0
2020-01-26,35,ger,baking,backen,5.0
2020-02-02,33,ger,baking,backen,5.0
2020-02-09,39,ger,baking,backen,7.0
2020-02-16,40,ger,baking,backen,8.0
2020-02-23,40,ger,baking,backen,10.0
2020-03-01,41,ger,baking,backen,6.0
2020-03-08,40,ger,baking,backen,5.0
2020-03-15,60,ger,baking,backen,28.0
2020-03-22,70,ger,baking,backen,40.0
2020-03-29,76,ger,baking,backen,48.0
2020-04-05,100,ger,baking,backen,69.0
2020-04-12,55,ger,baking,backen,6.0
2020-04-19,45,ger,baking,backen,19.0
2020-04-26,53,ger,baking,backen,26.0
2020-05-03,48,ger,baking,backen,19.0
2020-05-10,43,ger,baking,backen,19.0
2020-05-17,47,ger,baking,backen,21.0
2020-05-24,40,ger,baking,backen,12.0
2020-05-31,41,ger,baking,backen,18.0
2020-06-07,44,ger,baking,backen,17.0
2020-06-14,35,ger,baking,backen,14.0
2020-06-21,29,ger,baking,backen,11.0
2020-06-28,31,ger,baking,backen,13.0
2020-07-05,32,ger,baking,backen,10.0
2020-07-12,31,ger,baking,backen,8.0
2020-07-19,29,ger,baking,backen,8.0
2020-07-26,28,ger,baking,backen,6.0
2020-08-02,28,ger,baking,backen,4.0
2020-08-09,27,ger,baking,backen,3.0
2020-08-16,27,ger,baking,backen,4.0
2020-08-23,31,ger,baking,backen,10.0
2020-08-30,29,ger,baking,backen,-1.0
2020-09-06,30,ger,baking,backen,-2.0
2020-09-13,29,ger,baking,backen,-5.0
2020-09-20,30,ger,baking,backen,-6.0
2020-09-27,34,ger,baking,backen,-8.0
2020-10-04,34,ger,baking,backen,-5.0
2020-10-11,34,ger,baking,backen,-7.0
2020-10-18,38,ger,baking,backen,-13.0
2020-10-25,42,ger,baking,backen,0.0
2020-11-01,47,ger,baking,backen,9.0
2019-11-03,20,ger,bananabread,bananenbrot,8.0
2019-11-10,18,ger,bananabread,bananenbrot,6.0
2019-11-17,15,ger,bananabread,bananenbrot,6.0
2019-11-24,12,ger,bananabread,bananenbrot,5.0
2019-12-01,13,ger,bananabread,bananenbrot,6.0
2019-12-08,11,ger,bananabread,bananenbrot,4.0
2019-12-15,9,ger,bananabread,bananenbrot,1.0
2019-12-22,11,ger,bananabread,bananenbrot,3.0
2019-12-29,18,ger,bananabread,bananenbrot,7.0
2020-01-05,16,ger,bananabread,bananenbrot,3.0
2020-01-12,19,ger,bananabread,bananenbrot,7.0
2020-01-19,23,ger,bananabread,bananenbrot,5.0
2020-01-26,24,ger,bananabread,bananenbrot,6.0
2020-02-02,24,ger,bananabread,bananenbrot,6.0
2020-02-09,22,ger,bananabread,bananenbrot,6.0
2020-02-16,21,ger,bananabread,bananenbrot,8.0
2020-02-23,23,ger,bananabread,bananenbrot,7.0
2020-03-01,26,ger,bananabread,bananenbrot,7.0
2020-03-08,31,ger,bananabread,bananenbrot,12.0
2020-03-15,46,ger,bananabread,bananenbrot,26.0
2020-03-22,86,ger,bananabread,bananenbrot,68.0
2020-03-29,100,ger,bananabread,bananenbrot,86.0
2020-04-05,77,ger,bananabread,bananenbrot,61.0
2020-04-12,67,ger,bananabread,bananenbrot,48.0
2020-04-19,56,ger,bananabread,bananenbrot,40.0
2020-04-26,54,ger,bananabread,bananenbrot,40.0
2020-05-03,40,ger,bananabread,bananenbrot,24.0
2020-05-10,36,ger,bananabread,bananenbrot,21.0
2020-05-17,30,ger,bananabread,bananenbrot,14.0
2020-05-24,33,ger,bananabread,bananenbrot,21.0
2020-05-31,28,ger,bananabread,bananenbrot,15.0
2020-06-07,27,ger,bananabread,bananenbrot,11.0
2020-06-14,27,ger,bananabread,bananenbrot,15.0
2020-06-21,19,ger,bananabread,bananenbrot,8.0
2020-06-28,26,ger,bananabread,bananenbrot,16.0
2020-07-05,24,ger,bananabread,bananenbrot,12.0
2020-07-12,22,ger,bananabread,bananenbrot,9.0
2020-07-19,20,ger,bananabread,bananenbrot,8.0
2020-07-26,21,ger,bananabread,bananenbrot,6.0
2020-08-02,19,ger,bananabread,bananenbrot,7.0
2020-08-09,19,ger,bananabread,bananenbrot,2.0
2020-08-16,18,ger,bananabread,bananenbrot,1.0
2020-08-23,24,ger,bananabread,bananenbrot,11.0
2020-08-30,21,ger,bananabread,bananenbrot,4.0
2020-09-06,21,ger,bananabread,bananenbrot,7.0
2020-09-13,21,ger,bananabread,bananenbrot,5.0
2020-09-20,22,ger,bananabread,bananenbrot,4.0
2020-09-27,22,ger,bananabread,bananenbrot,2.0
2020-10-04,23,ger,bananabread,bananenbrot,8.0
2020-10-11,25,ger,bananabread,bananenbrot,6.0
2020-10-18,27,ger,bananabread,bananenbrot,10.0
2020-10-25,33,ger,bananabread,bananenbrot,16.0
2020-11-01,31,ger,bananabread,bananenbrot,11.0
2019-11-03,12,uk,bananabread,bananbread,2.0
2019-11-10,11,uk,bananabread,bananbread,1.0
2019-11-17,11,uk,bananabread,bananbread,2.0
2019-11-24,9,uk,bananabread,bananbread,-1.0
2019-12-01,8,uk,bananabread,bananbread,1.0
2019-12-08,7,uk,bananabread,bananbread,0.0
2019-12-15,7,uk,bananabread,bananbread,0.0
2019-12-22,6,uk,bananabread,bananbread,-2.0
2019-12-29,9,uk,bananabread,bananbread,-1.0
2020-01-05,11,uk,bananabread,bananbread,2.0
2020-01-12,11,uk,bananabread,bananbread,1.0
2020-01-19,13,uk,bananabread,bananbread,2.0
2020-01-26,13,uk,bananabread,bananbread,1.0
2020-02-02,15,uk,bananabread,bananbread,2.0
2020-02-09,15,uk,bananabread,bananbread,2.0
2020-02-16,15,uk,bananabread,bananbread,2.0
2020-02-23,13,uk,bananabread,bananbread,1.0
2020-03-01,14,uk,bananabread,bananbread,3.0
2020-03-08,16,uk,bananabread,bananbread,3.0
2020-03-15,31,uk,bananabread,bananbread,19.0
2020-03-22,70,uk,bananabread,bananbread,59.0
2020-03-29,100,uk,bananabread,bananbread,87.0
2020-04-05,87,uk,bananabread,bananbread,74.0
2020-04-12,89,uk,bananabread,bananbread,77.0
2020-04-19,67,uk,bananabread,bananbread,56.0
2020-04-26,65,uk,bananabread,bananbread,55.0
2020-05-03,54,uk,bananabread,bananbread,42.0
2020-05-10,52,uk,bananabread,bananbread,42.0
2020-05-17,39,uk,bananabread,bananbread,29.0
2020-05-24,36,uk,bananabread,bananbread,22.0
2020-05-31,35,uk,bananabread,bananbread,24.0
2020-06-07,30,uk,bananabread,bananbread,20.0
2020-06-14,26,uk,bananabread,bananbread,16.0
2020-06-21,22,uk,bananabread,bananbread,12.0
2020-06-28,25,uk,bananabread,bananbread,15.0
2020-07-05,21,uk,bananabread,bananbread,11.0
2020-07-12,18,uk,bananabread,bananbread,8.0
2020-07-19,20,uk,bananabread,bananbread,9.0
2020-07-26,18,uk,bananabread,bananbread,7.0
2020-08-02,17,uk,bananabread,bananbread,5.0
2020-08-09,16,uk,bananabread,bananbread,5.0
2020-08-16,15,uk,bananabread,bananbread,4.0
2020-08-23,13,uk,bananabread,bananbread,1.0
2020-08-30,14,uk,bananabread,bananbread,3.0
2020-09-06,15,uk,bananabread,bananbread,3.0
2020-09-13,16,uk,bananabread,bananbread,3.0
2020-09-20,17,uk,bananabread,bananbread,3.0
2020-09-27,16,uk,bananabread,bananbread,4.0
2020-10-04,18,uk,bananabread,bananbread,6.0
2020-10-11,17,uk,bananabread,bananbread,5.0
2020-10-18,17,uk,bananabread,bananbread,5.0
2020-10-25,18,uk,bananabread,bananbread,5.0
2020-11-01,20,uk,bananabread,bananbread,8.0
2019-11-03,24,nl,bananabread,bananenbrood,-3.0
2019-11-10,26,nl,bananabread,bananenbrood,-4.0
2019-11-17,29,nl,bananabread,bananenbrood,5.0
2019-11-24,22,nl,bananabread,bananenbrood,1.0
2019-12-01,21,nl,bananabread,bananenbrood,2.0
2019-12-08,22,nl,bananabread,bananenbrood,2.0
2019-12-15,18,nl,bananabread,bananenbrood,-6.0
2019-12-22,27,nl,bananabread,bananenbrood,10.0
2019-12-29,29,nl,bananabread,bananenbrood,0.0
2020-01-05,42,nl,bananabread,bananenbrood,4.0
2020-01-12,45,nl,bananabread,bananenbrood,5.0
2020-01-19,47,nl,bananabread,bananenbrood,2.0
2020-01-26,47,nl,bananabread,bananenbrood,-4.0
2020-02-02,52,nl,bananabread,bananenbrood,-4.0
2020-02-09,40,nl,bananabread,bananenbrood,2.0
2020-02-16,46,nl,bananabread,bananenbrood,1.0
2020-02-23,36,nl,bananabread,bananenbrood,0.0
2020-03-01,45,nl,bananabread,bananenbrood,14.0
2020-03-08,40,nl,bananabread,bananenbrood,4.0
2020-03-15,76,nl,bananabread,bananenbrood,49.0
2020-03-22,100,nl,bananabread,bananenbrood,67.0
2020-03-29,96,nl,bananabread,bananenbrood,66.0
2020-04-05,82,nl,bananabread,bananenbrood,50.0
2020-04-12,81,nl,bananabread,bananenbrood,50.0
2020-04-19,62,nl,bananabread,bananenbrood,38.0
2020-04-26,78,nl,bananabread,bananenbrood,49.0
2020-05-03,57,nl,bananabread,bananenbrood,32.0
2020-05-10,60,nl,bananabread,bananenbrood,33.0
2020-05-17,50,nl,bananabread,bananenbrood,22.0
2020-05-24,48,nl,bananabread,bananenbrood,23.0
2020-05-31,39,nl,bananabread,bananenbrood,11.0
2020-06-07,42,nl,bananabread,bananenbrood,17.0
2020-06-14,46,nl,bananabread,bananenbrood,27.0
2020-06-21,31,nl,bananabread,bananenbrood,15.0
2020-06-28,41,nl,bananabread,bananenbrood,25.0
2020-07-05,43,nl,bananabread,bananenbrood,22.0
2020-07-12,34,nl,bananabread,bananenbrood,11.0
2020-07-19,36,nl,bananabread,bananenbrood,20.0
2020-07-26,39,nl,bananabread,bananenbrood,15.0
2020-08-02,30,nl,bananabread,bananenbrood,2.0
2020-08-09,31,nl,bananabread,bananenbrood,1.0
2020-08-16,29,nl,bananabread,bananenbrood,-3.0
2020-08-23,38,nl,bananabread,bananenbrood,14.0
2020-08-30,30,nl,bananabread,bananenbrood,-6.0
2020-09-06,34,nl,bananabread,bananenbrood,5.0
2020-09-13,33,nl,bananabread,bananenbrood,0.0
2020-09-20,39,nl,bananabread,bananenbrood,5.0
2020-09-27,38,nl,bananabread,bananenbrood,8.0
2020-10-04,34,nl,bananabread,bananenbrood,1.0
2020-10-11,40,nl,bananabread,bananenbrood,10.0
2020-10-18,51,nl,bananabread,bananenbrood,23.0
2020-10-25,48,nl,bananabread,bananenbrood,14.0
2020-11-01,40,nl,bananabread,bananenbrood,16.0
2019-11-03,53,uk,beans,bean,6.0
2019-11-10,56,uk,beans,bean,8.0
2019-11-17,53,uk,beans,bean,3.0
2019-11-24,60,uk,beans,bean,10.0
2019-12-01,53,uk,beans,bean,4.0
2019-12-08,48,uk,beans,bean,0.0
2019-12-15,47,uk,beans,bean,8.0
2019-12-22,42,uk,beans,bean,0.0
2019-12-29,52,uk,beans,bean,-2.0
2020-01-05,67,uk,beans,bean,2.0
2020-01-12,63,uk,beans,bean,1.0
2020-01-19,64,uk,beans,bean,6.0
2020-01-26,59,uk,beans,bean,2.0
2020-02-02,61,uk,beans,bean,4.0
2020-02-09,58,uk,beans,bean,-2.0
2020-02-16,56,uk,beans,bean,-1.0
2020-02-23,54,uk,beans,bean,0.0
2020-03-01,59,uk,beans,bean,3.0
2020-03-08,54,uk,beans,bean,1.0
2020-03-15,59,uk,beans,bean,1.0
2020-03-22,73,uk,beans,bean,14.0
2020-03-29,82,uk,beans,bean,26.0
2020-04-05,89,uk,beans,bean,32.0
2020-04-12,92,uk,beans,bean,37.0
2020-04-19,93,uk,beans,bean,38.0
2020-04-26,100,uk,beans,bean,41.0
2020-05-03,95,uk,beans,bean,36.0
2020-05-10,91,uk,beans,bean,35.0
2020-05-17,92,uk,beans,bean,35.0
2020-05-24,89,uk,beans,bean,35.0
2020-05-31,86,uk,beans,bean,31.0
2020-06-07,80,uk,beans,bean,21.0
2020-06-14,78,uk,beans,bean,21.0
2020-06-21,73,uk,beans,bean,24.0
2020-06-28,76,uk,beans,bean,23.0
2020-07-05,71,uk,beans,bean,18.0
2020-07-12,75,uk,beans,bean,22.0
2020-07-19,73,uk,beans,bean,16.0
2020-07-26,67,uk,beans,bean,9.0
2020-08-02,76,uk,beans,bean,18.0
2020-08-09,70,uk,beans,bean,10.0
2020-08-16,72,uk,beans,bean,16.0
2020-08-23,68,uk,beans,bean,8.0
2020-08-30,62,uk,beans,bean,-2.0
2020-09-06,62,uk,beans,bean,1.0
2020-09-13,65,uk,beans,bean,7.0
2020-09-20,65,uk,beans,bean,4.0
2020-09-27,63,uk,beans,bean,6.0
2020-10-04,60,uk,beans,bean,3.0
2020-10-11,59,uk,beans,bean,5.0
2020-10-18,60,uk,beans,bean,6.0
2020-10-25,62,uk,beans,bean,8.0
2020-11-01,57,uk,beans,bean,4.0
2019-11-03,70,nl,beans,bonen,7.0
2019-11-10,70,nl,beans,bonen,6.0
2019-11-17,71,nl,beans,bonen,2.0
2019-11-24,72,nl,beans,bonen,5.0
2019-12-01,57,nl,beans,bonen,-9.0
2019-12-08,74,nl,beans,bonen,3.0
2019-12-15,62,nl,beans,bonen,-7.0
2019-12-22,62,nl,beans,bonen,-9.0
2019-12-29,71,nl,beans,bonen,-2.0
2020-01-05,77,nl,beans,bonen,12.0
2020-01-12,79,nl,beans,bonen,-2.0
2020-01-19,77,nl,beans,bonen,6.0
2020-01-26,80,nl,beans,bonen,11.0
2020-02-02,74,nl,beans,bonen,7.0
2020-02-09,71,nl,beans,bonen,2.0
2020-02-16,75,nl,beans,bonen,24.0
2020-02-23,74,nl,beans,bonen,27.0
2020-03-01,69,nl,beans,bonen,6.0
2020-03-08,71,nl,beans,bonen,-2.0
2020-03-15,73,nl,beans,bonen,12.0
2020-03-22,81,nl,beans,bonen,29.0
2020-03-29,91,nl,beans,bonen,26.0
2020-04-05,83,nl,beans,bonen,28.0
2020-04-12,85,nl,beans,bonen,37.0
2020-04-19,81,nl,beans,bonen,31.0
2020-04-26,100,nl,beans,bonen,36.0
2020-05-03,83,nl,beans,bonen,23.0
2020-05-10,88,nl,beans,bonen,30.0
2020-05-17,79,nl,beans,bonen,20.0
2020-05-24,69,nl,beans,bonen,-1.0
2020-05-31,70,nl,beans,bonen,10.0
2020-06-07,72,nl,beans,bonen,9.0
2020-06-14,73,nl,beans,bonen,20.0
2020-06-21,55,nl,beans,bonen,10.0
2020-06-28,70,nl,beans,bonen,33.0
2020-07-05,67,nl,beans,bonen,15.0
2020-07-12,65,nl,beans,bonen,9.0
2020-07-19,73,nl,beans,bonen,26.0
2020-07-26,82,nl,beans,bonen,29.0
2020-08-02,69,nl,beans,bonen,6.0
2020-08-09,61,nl,beans,bonen,-8.0
2020-08-16,63,nl,beans,bonen,-15.0
2020-08-23,71,nl,beans,bonen,12.0
2020-08-30,71,nl,beans,bonen,9.0
2020-09-06,71,nl,beans,bonen,2.0
2020-09-13,68,nl,beans,bonen,1.0
2020-09-20,72,nl,beans,bonen,0.0
2020-09-27,83,nl,beans,bonen,12.0
2020-10-04,88,nl,beans,bonen,39.0
2020-10-11,94,nl,beans,bonen,28.0
2020-10-18,88,nl,beans,bonen,20.0
2020-10-25,86,nl,beans,bonen,14.0
2020-11-01,80,nl,beans,bonen,10.0
2019-11-03,45,ger,beans,bohnen,5.0
2019-11-10,44,ger,beans,bohnen,3.0
2019-11-17,42,ger,beans,bohnen,2.0
2019-11-24,41,ger,beans,bohnen,0.0
2019-12-01,35,ger,beans,bohnen,-5.0
2019-12-08,48,ger,beans,bohnen,7.0
2019-12-15,45,ger,beans,bohnen,0.0
2019-12-22,53,ger,beans,bohnen,-1.0
2019-12-29,49,ger,beans,bohnen,2.0
2020-01-05,55,ger,beans,bohnen,7.0
2020-01-12,56,ger,beans,bohnen,9.0
2020-01-19,56,ger,beans,bohnen,9.0
2020-01-26,49,ger,beans,bohnen,3.0
2020-02-02,51,ger,beans,bohnen,7.0
2020-02-09,52,ger,beans,bohnen,5.0
2020-02-16,46,ger,beans,bohnen,0.0
2020-02-23,51,ger,beans,bohnen,15.0
2020-03-01,49,ger,beans,bohnen,8.0
2020-03-08,41,ger,beans,bohnen,-4.0
2020-03-15,45,ger,beans,bohnen,6.0
2020-03-22,54,ger,beans,bohnen,13.0
2020-03-29,55,ger,beans,bohnen,9.0
2020-04-05,65,ger,beans,bohnen,18.0
2020-04-12,67,ger,beans,bohnen,21.0
2020-04-19,58,ger,beans,bohnen,10.0
2020-04-26,61,ger,beans,bohnen,15.0
2020-05-03,58,ger,beans,bohnen,15.0
2020-05-10,60,ger,beans,bohnen,17.0
2020-05-17,62,ger,beans,bohnen,20.0
2020-05-24,60,ger,beans,bohnen,24.0
2020-05-31,58,ger,beans,bohnen,23.0
2020-06-07,52,ger,beans,bohnen,12.0
2020-06-14,58,ger,beans,bohnen,21.0
2020-06-21,50,ger,beans,bohnen,12.0
2020-06-28,56,ger,beans,bohnen,10.0
2020-07-05,67,ger,beans,bohnen,11.0
2020-07-12,79,ger,beans,bohnen,19.0
2020-07-19,93,ger,beans,bohnen,24.0
2020-07-26,100,ger,beans,bohnen,22.0
2020-08-02,99,ger,beans,bohnen,24.0
2020-08-09,85,ger,beans,bohnen,13.0
2020-08-16,82,ger,beans,bohnen,23.0
2020-08-23,79,ger,beans,bohnen,20.0
2020-08-30,66,ger,beans,bohnen,3.0
2020-09-06,57,ger,beans,bohnen,0.0
2020-09-13,59,ger,beans,bohnen,2.0
2020-09-20,59,ger,beans,bohnen,6.0
2020-09-27,65,ger,beans,bohnen,12.0
2020-10-04,55,ger,beans,bohnen,4.0
2020-10-11,60,ger,beans,bohnen,15.0
2020-10-18,52,ger,beans,bohnen,11.0
2020-10-25,48,ger,beans,bohnen,10.0
2020-11-01,50,ger,beans,bohnen,5.0
2019-11-03,78,uk,coffee,coffee,3.0
2019-11-10,79,uk,coffee,coffee,3.0
2019-11-17,84,uk,coffee,coffee,0.0
2019-11-24,86,uk,coffee,coffee,6.0
2019-12-01,83,uk,coffee,coffee,8.0
2019-12-08,79,uk,coffee,coffee,1.0
2019-12-15,81,uk,coffee,coffee,4.0
2019-12-22,85,uk,coffee,coffee,4.0
2019-12-29,83,uk,coffee,coffee,3.0
2020-01-05,78,uk,coffee,coffee,5.0
2020-01-12,78,uk,coffee,coffee,3.0
2020-01-19,77,uk,coffee,coffee,6.0
2020-01-26,73,uk,coffee,coffee,2.0
2020-02-02,76,uk,coffee,coffee,4.0
2020-02-09,73,uk,coffee,coffee,1.0
2020-02-16,76,uk,coffee,coffee,2.0
2020-02-23,70,uk,coffee,coffee,3.0
2020-03-01,70,uk,coffee,coffee,0.0
2020-03-08,64,uk,coffee,coffee,-6.0
2020-03-15,60,uk,coffee,coffee,-12.0
2020-03-22,57,uk,coffee,coffee,-15.0
2020-03-29,77,uk,coffee,coffee,9.0
2020-04-05,83,uk,coffee,coffee,12.0
2020-04-12,80,uk,coffee,coffee,12.0
2020-04-19,79,uk,coffee,coffee,11.0
2020-04-26,78,uk,coffee,coffee,10.0
2020-05-03,81,uk,coffee,coffee,6.0
2020-05-10,81,uk,coffee,coffee,13.0
2020-05-17,85,uk,coffee,coffee,19.0
2020-05-24,84,uk,coffee,coffee,17.0
2020-05-31,80,uk,coffee,coffee,13.0
2020-06-07,83,uk,coffee,coffee,14.0
2020-06-14,81,uk,coffee,coffee,12.0
2020-06-21,78,uk,coffee,coffee,10.0
2020-06-28,81,uk,coffee,coffee,14.0
2020-07-05,81,uk,coffee,coffee,14.0
2020-07-12,78,uk,coffee,coffee,8.0
2020-07-19,81,uk,coffee,coffee,13.0
2020-07-26,82,uk,coffee,coffee,11.0
2020-08-02,82,uk,coffee,coffee,10.0
2020-08-09,78,uk,coffee,coffee,4.0
2020-08-16,82,uk,coffee,coffee,8.0
2020-08-23,84,uk,coffee,coffee,12.0
2020-08-30,86,uk,coffee,coffee,13.0
2020-09-06,85,uk,coffee,coffee,12.0
2020-09-13,81,uk,coffee,coffee,6.0
2020-09-20,84,uk,coffee,coffee,5.0
2020-09-27,85,uk,coffee,coffee,-15.0
2020-10-04,85,uk,coffee,coffee,10.0
2020-10-11,86,uk,coffee,coffee,11.0
2020-10-18,86,uk,coffee,coffee,11.0
2020-10-25,92,uk,coffee,coffee,18.0
2020-11-01,83,uk,coffee,coffee,5.0
2019-11-03,87,nl,coffee,koffie,3.0
2019-11-10,82,nl,coffee,koffie,3.0
2019-11-17,87,nl,coffee,koffie,5.0
2019-11-24,84,nl,coffee,koffie,4.0
2019-12-01,84,nl,coffee,koffie,-5.0
2019-12-08,82,nl,coffee,koffie,1.0
2019-12-15,83,nl,coffee,koffie,9.0
2019-12-22,100,nl,coffee,koffie,13.0
2019-12-29,83,nl,coffee,koffie,5.0
2020-01-05,87,nl,coffee,koffie,8.0
2020-01-12,89,nl,coffee,koffie,14.0
2020-01-19,88,nl,coffee,koffie,-5.0
2020-01-26,93,nl,coffee,koffie,2.0
2020-02-02,92,nl,coffee,koffie,9.0
2020-02-09,82,nl,coffee,koffie,6.0
2020-02-16,87,nl,coffee,koffie,4.0
2020-02-23,85,nl,coffee,koffie,10.0
2020-03-01,79,nl,coffee,koffie,6.0
2020-03-08,69,nl,coffee,koffie,-3.0
2020-03-15,72,nl,coffee,koffie,-2.0
2020-03-22,69,nl,coffee,koffie,-7.0
2020-03-29,81,nl,coffee,koffie,4.0
2020-04-05,70,nl,coffee,koffie,-9.0
2020-04-12,92,nl,coffee,koffie,24.0
2020-04-19,81,nl,coffee,koffie,14.0
2020-04-26,80,nl,coffee,koffie,-8.0
2020-05-03,80,nl,coffee,koffie,4.0
2020-05-10,79,nl,coffee,koffie,7.0
2020-05-17,84,nl,coffee,koffie,9.0
2020-05-24,81,nl,coffee,koffie,11.0
2020-05-31,79,nl,coffee,koffie,11.0
2020-06-07,85,nl,coffee,koffie,13.0
2020-06-14,82,nl,coffee,koffie,14.0
2020-06-21,73,nl,coffee,koffie,15.0
2020-06-28,83,nl,coffee,koffie,15.0
2020-07-05,91,nl,coffee,koffie,18.0
2020-07-12,94,nl,coffee,koffie,25.0
2020-07-19,93,nl,coffee,koffie,24.0
2020-07-26,86,nl,coffee,koffie,10.0
2020-08-02,84,nl,coffee,koffie,6.0
2020-08-09,79,nl,coffee,koffie,-1.0
2020-08-16,88,nl,coffee,koffie,-5.0
2020-08-23,85,nl,coffee,koffie,12.0
2020-08-30,83,nl,coffee,koffie,1.0
2020-09-06,92,nl,coffee,koffie,9.0
2020-09-13,78,nl,coffee,koffie,-7.0
2020-09-20,85,nl,coffee,koffie,7.0
2020-09-27,91,nl,coffee,koffie,10.0
2020-10-04,93,nl,coffee,koffie,9.0
2020-10-11,94,nl,coffee,koffie,16.0
2020-10-18,88,nl,coffee,koffie,2.0
2020-10-25,86,nl,coffee,koffie,-5.0
2020-11-01,82,nl,coffee,koffie,-5.0
2019-11-03,91,ger,coffee,kaffee,7.0
2019-11-10,91,ger,coffee,kaffee,0.0
2019-11-17,92,ger,coffee,kaffee,4.0
2019-11-24,87,ger,coffee,kaffee,-2.0
2019-12-01,93,ger,coffee,kaffee,10.0
2019-12-08,94,ger,coffee,kaffee,9.0
2019-12-15,93,ger,coffee,kaffee,2.0
2019-12-22,100,ger,coffee,kaffee,13.0
2019-12-29,95,ger,coffee,kaffee,4.0
2020-01-05,96,ger,coffee,kaffee,10.0
2020-01-12,94,ger,coffee,kaffee,6.0
2020-01-19,99,ger,coffee,kaffee,12.0
2020-01-26,93,ger,coffee,kaffee,-2.0
2020-02-02,94,ger,coffee,kaffee,8.0
2020-02-09,97,ger,coffee,kaffee,8.0
2020-02-16,95,ger,coffee,kaffee,8.0
2020-02-23,87,ger,coffee,kaffee,-3.0
2020-03-01,90,ger,coffee,kaffee,0.0
2020-03-08,78,ger,coffee,kaffee,-15.0
2020-03-15,64,ger,coffee,kaffee,-25.0
2020-03-22,73,ger,coffee,kaffee,-16.0
2020-03-29,83,ger,coffee,kaffee,0.0
2020-04-05,81,ger,coffee,kaffee,-5.0
2020-04-12,87,ger,coffee,kaffee,0.0
2020-04-19,84,ger,coffee,kaffee,6.0
2020-04-26,83,ger,coffee,kaffee,-5.0
2020-05-03,92,ger,coffee,kaffee,4.0
2020-05-10,89,ger,coffee,kaffee,4.0
2020-05-17,96,ger,coffee,kaffee,16.0
2020-05-24,92,ger,coffee,kaffee,13.0
2020-05-31,93,ger,coffee,kaffee,17.0
2020-06-07,95,ger,coffee,kaffee,15.0
2020-06-14,89,ger,coffee,kaffee,12.0
2020-06-21,91,ger,coffee,kaffee,23.0
2020-06-28,93,ger,coffee,kaffee,15.0
2020-07-05,92,ger,coffee,kaffee,13.0
2020-07-12,93,ger,coffee,kaffee,9.0
2020-07-19,93,ger,coffee,kaffee,15.0
2020-07-26,95,ger,coffee,kaffee,12.0
2020-08-02,90,ger,coffee,kaffee,6.0
2020-08-09,90,ger,coffee,kaffee,0.0
2020-08-16,92,ger,coffee,kaffee,9.0
2020-08-23,99,ger,coffee,kaffee,21.0
2020-08-30,93,ger,coffee,kaffee,9.0
2020-09-06,96,ger,coffee,kaffee,15.0
2020-09-13,91,ger,coffee,kaffee,9.0
2020-09-20,94,ger,coffee,kaffee,8.0
2020-09-27,97,ger,coffee,kaffee,1.0
2020-10-04,92,ger,coffee,kaffee,3.0
2020-10-11,95,ger,coffee,kaffee,9.0
2020-10-18,93,ger,coffee,kaffee,10.0
2020-10-25,89,ger,coffee,kaffee,-3.0
2020-11-01,76,ger,coffee,kaffee,-15.0
2019-11-03,55,ger,cooking,kochen,7.0
2019-11-10,59,ger,cooking,kochen,11.0
2019-11-17,55,ger,cooking,kochen,9.0
2019-11-24,49,ger,cooking,kochen,5.0
2019-12-01,51,ger,cooking,kochen,7.0
2019-12-08,51,ger,cooking,kochen,4.0
2019-12-15,53,ger,cooking,kochen,3.0
2019-12-22,75,ger,cooking,kochen,14.0
2019-12-29,63,ger,cooking,kochen,6.0
2020-01-05,56,ger,cooking,kochen,6.0
2020-01-12,56,ger,cooking,kochen,7.0
2020-01-19,57,ger,cooking,kochen,7.0
2020-01-26,53,ger,cooking,kochen,4.0
2020-02-02,53,ger,cooking,kochen,5.0
2020-02-09,51,ger,cooking,kochen,5.0
2020-02-16,50,ger,cooking,kochen,6.0
2020-02-23,52,ger,cooking,kochen,10.0
2020-03-01,51,ger,cooking,kochen,5.0
2020-03-08,47,ger,cooking,kochen,-1.0
2020-03-15,50,ger,cooking,kochen,3.0
2020-03-22,63,ger,cooking,kochen,17.0
2020-03-29,72,ger,cooking,kochen,25.0
2020-04-05,100,ger,cooking,kochen,41.0
2020-04-12,84,ger,cooking,kochen,2.0
2020-04-19,78,ger,cooking,kochen,17.0
2020-04-26,82,ger,cooking,kochen,17.0
2020-05-03,73,ger,cooking,kochen,9.0
2020-05-10,74,ger,cooking,kochen,14.0
2020-05-17,67,ger,cooking,kochen,14.0
2020-05-24,60,ger,cooking,kochen,11.0
2020-05-31,59,ger,cooking,kochen,16.0
2020-06-07,58,ger,cooking,kochen,12.0
2020-06-14,54,ger,cooking,kochen,10.0
2020-06-21,49,ger,cooking,kochen,12.0
2020-06-28,48,ger,cooking,kochen,11.0
2020-07-05,48,ger,cooking,kochen,7.0
2020-07-12,49,ger,cooking,kochen,8.0
2020-07-19,47,ger,cooking,kochen,8.0
2020-07-26,48,ger,cooking,kochen,7.0
2020-08-02,48,ger,cooking,kochen,4.0
2020-08-09,45,ger,cooking,kochen,0.0
2020-08-16,47,ger,cooking,kochen,3.0
2020-08-23,53,ger,cooking,kochen,9.0
2020-08-30,51,ger,cooking,kochen,3.0
2020-09-06,52,ger,cooking,kochen,6.0
2020-09-13,48,ger,cooking,kochen,1.0
2020-09-20,53,ger,cooking,kochen,4.0
2020-09-27,54,ger,cooking,kochen,-1.0
2020-10-04,54,ger,cooking,kochen,-2.0
2020-10-11,61,ger,cooking,kochen,7.0
2020-10-18,61,ger,cooking,kochen,6.0
2020-10-25,59,ger,cooking,kochen,3.0
2020-11-01,56,ger,cooking,kochen,1.0
2019-11-03,24,uk,cooking,cooking,-1.0
2019-11-10,24,uk,cooking,cooking,0.0
2019-11-17,25,uk,cooking,cooking,1.0
2019-11-24,24,uk,cooking,cooking,0.0
2019-12-01,23,uk,cooking,cooking,-2.0
2019-12-08,24,uk,cooking,cooking,-1.0
2019-12-15,31,uk,cooking,cooking,-3.0
2019-12-22,100,uk,cooking,cooking,0.0
2019-12-29,31,uk,cooking,cooking,-1.0
2020-01-05,27,uk,cooking,cooking,1.0
2020-01-12,26,uk,cooking,cooking,0.0
2020-01-19,25,uk,cooking,cooking,0.0
2020-01-26,24,uk,cooking,cooking,1.0
2020-02-02,23,uk,cooking,cooking,-1.0
2020-02-09,25,uk,cooking,cooking,0.0
2020-02-16,24,uk,cooking,cooking,2.0
2020-02-23,25,uk,cooking,cooking,2.0
2020-03-01,24,uk,cooking,cooking,0.0
2020-03-08,22,uk,cooking,cooking,-3.0
2020-03-15,24,uk,cooking,cooking,0.0
2020-03-22,34,uk,cooking,cooking,11.0
2020-03-29,40,uk,cooking,cooking,17.0
2020-04-05,44,uk,cooking,cooking,21.0
2020-04-12,50,uk,cooking,cooking,25.0
2020-04-19,41,uk,cooking,cooking,16.0
2020-04-26,40,uk,cooking,cooking,19.0
2020-05-03,39,uk,cooking,cooking,16.0
2020-05-10,36,uk,cooking,cooking,16.0
2020-05-17,33,uk,cooking,cooking,14.0
2020-05-24,32,uk,cooking,cooking,12.0
2020-05-31,29,uk,cooking,cooking,8.0
2020-06-07,29,uk,cooking,cooking,6.0
2020-06-14,28,uk,cooking,cooking,7.0
2020-06-21,27,uk,cooking,cooking,8.0
2020-06-28,26,uk,cooking,cooking,7.0
2020-07-05,27,uk,cooking,cooking,7.0
2020-07-12,25,uk,cooking,cooking,6.0
2020-07-19,26,uk,cooking,cooking,7.0
2020-07-26,25,uk,cooking,cooking,5.0
2020-08-02,26,uk,cooking,cooking,6.0
2020-08-09,24,uk,cooking,cooking,1.0
2020-08-16,26,uk,cooking,cooking,4.0
2020-08-23,26,uk,cooking,cooking,3.0
2020-08-30,27,uk,cooking,cooking,4.0
2020-09-06,27,uk,cooking,cooking,5.0
2020-09-13,27,uk,cooking,cooking,5.0
2020-09-20,26,uk,cooking,cooking,3.0
2020-09-27,29,uk,cooking,cooking,6.0
2020-10-04,28,uk,cooking,cooking,5.0
2020-10-11,28,uk,cooking,cooking,5.0
2020-10-18,29,uk,cooking,cooking,6.0
2020-10-25,29,uk,cooking,cooking,5.0
2020-11-01,27,uk,cooking,cooking,3.0
2019-11-03,59,nl,cooking,koken,4.0
2019-11-10,55,nl,cooking,koken,7.0
2019-11-17,55,nl,cooking,koken,5.0
2019-11-24,52,nl,cooking,koken,-1.0
2019-12-01,48,nl,cooking,koken,2.0
2019-12-08,50,nl,cooking,koken,-1.0
2019-12-15,49,nl,cooking,koken,1.0
2019-12-22,70,nl,cooking,koken,-3.0
2019-12-29,50,nl,cooking,koken,-2.0
2020-01-05,55,nl,cooking,koken,-1.0
2020-01-12,57,nl,cooking,koken,2.0
2020-01-19,54,nl,cooking,koken,4.0
2020-01-26,50,nl,cooking,koken,1.0
2020-02-02,55,nl,cooking,koken,1.0
2020-02-09,51,nl,cooking,koken,0.0
2020-02-16,51,nl,cooking,koken,1.0
2020-02-23,52,nl,cooking,koken,8.0
2020-03-01,47,nl,cooking,koken,-3.0
2020-03-08,46,nl,cooking,koken,-3.0
2020-03-15,53,nl,cooking,koken,5.0
2020-03-22,61,nl,cooking,koken,9.0
2020-03-29,71,nl,cooking,koken,16.0
2020-04-05,75,nl,cooking,koken,14.0
2020-04-12,100,nl,cooking,koken,33.0
2020-04-19,87,nl,cooking,koken,13.0
2020-04-26,89,nl,cooking,koken,21.0
2020-05-03,77,nl,cooking,koken,13.0
2020-05-10,81,nl,cooking,koken,20.0
2020-05-17,73,nl,cooking,koken,20.0
2020-05-24,60,nl,cooking,koken,5.0
2020-05-31,56,nl,cooking,koken,7.0
2020-06-07,61,nl,cooking,koken,10.0
2020-06-14,58,nl,cooking,koken,12.0
2020-06-21,47,nl,cooking,koken,7.0
2020-06-28,52,nl,cooking,koken,12.0
2020-07-05,52,nl,cooking,koken,9.0
2020-07-12,52,nl,cooking,koken,6.0
2020-07-19,53,nl,cooking,koken,12.0
2020-07-26,54,nl,cooking,koken,8.0
2020-08-02,53,nl,cooking,koken,2.0
2020-08-09,45,nl,cooking,koken,-10.0
2020-08-16,51,nl,cooking,koken,0.0
2020-08-23,54,nl,cooking,koken,7.0
2020-08-30,58,nl,cooking,koken,5.0
2020-09-06,59,nl,cooking,koken,7.0
2020-09-13,55,nl,cooking,koken,3.0
2020-09-20,57,nl,cooking,koken,1.0
2020-09-27,65,nl,cooking,koken,15.0
2020-10-04,64,nl,cooking,koken,12.0
2020-10-11,63,nl,cooking,koken,11.0
2020-10-18,66,nl,cooking,koken,14.0
2020-10-25,63,nl,cooking,koken,11.0
2020-11-01,59,nl,cooking,koken,0.0
2019-11-03,4,ger,facemask,maske,0.0
2019-11-10,4,ger,facemask,maske,0.0
2019-11-17,4,ger,facemask,maske,0.0
2019-11-24,4,ger,facemask,maske,0.0
2019-12-01,4,ger,facemask,maske,0.0
2019-12-08,4,ger,facemask,maske,0.0
2019-12-15,4,ger,facemask,maske,0.0
2019-12-22,4,ger,facemask,maske,-1.0
2019-12-29,4,ger,facemask,maske,-1.0
2020-01-05,4,ger,facemask,maske,0.0
2020-01-12,4,ger,facemask,maske,-1.0
2020-01-19,5,ger,facemask,maske,0.0
2020-01-26,9,ger,facemask,maske,4.0
2020-02-02,7,ger,facemask,maske,2.0
2020-02-09,6,ger,facemask,maske,1.0
2020-02-16,7,ger,facemask,maske,1.0
2020-02-23,23,ger,facemask,maske,17.0
2020-03-01,10,ger,facemask,maske,5.0
2020-03-08,11,ger,facemask,maske,6.0
2020-03-15,20,ger,facemask,maske,15.0
2020-03-22,25,ger,facemask,maske,21.0
2020-03-29,36,ger,facemask,maske,32.0
2020-04-05,30,ger,facemask,maske,26.0
2020-04-12,41,ger,facemask,maske,37.0
2020-04-19,100,ger,facemask,maske,96.0
2020-04-26,78,ger,facemask,maske,74.0
2020-05-03,36,ger,facemask,maske,32.0
2020-05-10,32,ger,facemask,maske,28.0
2020-05-17,24,ger,facemask,maske,20.0
2020-05-24,20,ger,facemask,maske,16.0
2020-05-31,17,ger,facemask,maske,13.0
2020-06-07,16,ger,facemask,maske,12.0
2020-06-14,16,ger,facemask,maske,12.0
2020-06-21,14,ger,facemask,maske,10.0
2020-06-28,15,ger,facemask,maske,11.0
2020-07-05,16,ger,facemask,maske,12.0
2020-07-12,18,ger,facemask,maske,14.0
2020-07-19,16,ger,facemask,maske,12.0
2020-07-26,17,ger,facemask,maske,13.0
2020-08-02,21,ger,facemask,maske,17.0
2020-08-09,22,ger,facemask,maske,18.0
2020-08-16,24,ger,facemask,maske,20.0
2020-08-23,24,ger,facemask,maske,20.0
2020-08-30,21,ger,facemask,maske,17.0
2020-09-06,19,ger,facemask,maske,15.0
2020-09-13,18,ger,facemask,maske,14.0
2020-09-20,19,ger,facemask,maske,14.0
2020-09-27,22,ger,facemask,maske,17.0
2020-10-04,25,ger,facemask,maske,20.0
2020-10-11,31,ger,facemask,maske,26.0
2020-10-18,40,ger,facemask,maske,34.0
2020-10-25,51,ger,facemask,maske,44.0
2020-11-01,35,ger,facemask,maske,31.0
2019-11-03,2,uk,facemask,facemask,0.0
2019-11-10,2,uk,facemask,facemask,0.0
2019-11-17,3,uk,facemask,facemask,1.0
2019-11-24,2,uk,facemask,facemask,0.0
2019-12-01,3,uk,facemask,facemask,1.0
2019-12-08,3,uk,facemask,facemask,1.0
2019-12-15,3,uk,facemask,facemask,0.0
2019-12-22,2,uk,facemask,facemask,0.0
2019-12-29,3,uk,facemask,facemask,0.0
2020-01-05,2,uk,facemask,facemask,-1.0
2020-01-12,2,uk,facemask,facemask,0.0
2020-01-19,4,uk,facemask,facemask,2.0
2020-01-26,9,uk,facemask,facemask,7.0
2020-02-02,6,uk,facemask,facemask,4.0
2020-02-09,6,uk,facemask,facemask,4.0
2020-02-16,3,uk,facemask,facemask,0.0
2020-02-23,11,uk,facemask,facemask,9.0
2020-03-01,10,uk,facemask,facemask,8.0
2020-03-08,10,uk,facemask,facemask,8.0
2020-03-15,14,uk,facemask,facemask,12.0
2020-03-22,18,uk,facemask,facemask,16.0
2020-03-29,22,uk,facemask,facemask,20.0
2020-04-05,17,uk,facemask,facemask,15.0
2020-04-12,22,uk,facemask,facemask,20.0
2020-04-19,24,uk,facemask,facemask,22.0
2020-04-26,30,uk,facemask,facemask,28.0
2020-05-03,26,uk,facemask,facemask,24.0
2020-05-10,46,uk,facemask,facemask,44.0
2020-05-17,24,uk,facemask,facemask,22.0
2020-05-24,17,uk,facemask,facemask,15.0
2020-05-31,34,uk,facemask,facemask,32.0
2020-06-07,32,uk,facemask,facemask,30.0
2020-06-14,29,uk,facemask,facemask,27.0
2020-06-21,20,uk,facemask,facemask,18.0
2020-06-28,25,uk,facemask,facemask,23.0
2020-07-05,34,uk,facemask,facemask,32.0
2020-07-12,100,uk,facemask,facemask,98.0
2020-07-19,75,uk,facemask,facemask,73.0
2020-07-26,44,uk,facemask,facemask,42.0
2020-08-02,32,uk,facemask,facemask,30.0
2020-08-09,23,uk,facemask,facemask,21.0
2020-08-16,20,uk,facemask,facemask,18.0
2020-08-23,24,uk,facemask,facemask,22.0
2020-08-30,21,uk,facemask,facemask,19.0
2020-09-06,19,uk,facemask,facemask,17.0
2020-09-13,19,uk,facemask,facemask,17.0
2020-09-20,27,uk,facemask,facemask,25.0
2020-09-27,22,uk,facemask,facemask,20.0
2020-10-04,19,uk,facemask,facemask,17.0
2020-10-11,18,uk,facemask,facemask,16.0
2020-10-18,16,uk,facemask,facemask,14.0
2020-10-25,18,uk,facemask,facemask,15.0
2020-11-01,16,uk,facemask,facemask,14.0
2019-11-03,1,nl,facemask,mondkapje,0.0
2019-11-10,1,nl,facemask,mondkapje,0.0
2019-11-17,1,nl,facemask,mondkapje,0.0
2019-11-24,1,nl,facemask,mondkapje,0.0
2019-12-01,1,nl,facemask,mondkapje,0.0
2019-12-08,1,nl,facemask,mondkapje,0.0
2019-12-15,1,nl,facemask,mondkapje,0.0
2019-12-22,1,nl,facemask,mondkapje,0.0
2019-12-29,1,nl,facemask,mondkapje,0.0
2020-01-05,1,nl,facemask,mondkapje,0.0
2020-01-12,1,nl,facemask,mondkapje,0.0
2020-01-19,2,nl,facemask,mondkapje,1.0
2020-01-26,6,nl,facemask,mondkapje,5.0
2020-02-02,2,nl,facemask,mondkapje,1.0
2020-02-09,1,nl,facemask,mondkapje,0.0
2020-02-16,1,nl,facemask,mondkapje,0.0
2020-02-23,26,nl,facemask,mondkapje,25.0
2020-03-01,7,nl,facemask,mondkapje,7.0
2020-03-08,5,nl,facemask,mondkapje,4.0
2020-03-15,16,nl,facemask,mondkapje,15.0
2020-03-22,11,nl,facemask,mondkapje,10.0
2020-03-29,7,nl,facemask,mondkapje,6.0
2020-04-05,5,nl,facemask,mondkapje,4.0
2020-04-12,8,nl,facemask,mondkapje,7.0
2020-04-19,7,nl,facemask,mondkapje,6.0
2020-04-26,13,nl,facemask,mondkapje,12.0
2020-05-03,65,nl,facemask,mondkapje,64.0
2020-05-10,37,nl,facemask,mondkapje,36.0
2020-05-17,27,nl,facemask,mondkapje,26.0
2020-05-24,20,nl,facemask,mondkapje,19.0
2020-05-31,26,nl,facemask,mondkapje,25.0
2020-06-07,16,nl,facemask,mondkapje,15.0
2020-06-14,15,nl,facemask,mondkapje,14.0
2020-06-21,12,nl,facemask,mondkapje,11.0
2020-06-28,15,nl,facemask,mondkapje,14.0
2020-07-05,19,nl,facemask,mondkapje,18.0
2020-07-12,25,nl,facemask,mondkapje,24.0
2020-07-19,36,nl,facemask,mondkapje,35.0
2020-07-26,32,nl,facemask,mondkapje,31.0
2020-08-02,26,nl,facemask,mondkapje,25.0
2020-08-09,16,nl,facemask,mondkapje,15.0
2020-08-16,17,nl,facemask,mondkapje,17.0
2020-08-23,16,nl,facemask,mondkapje,15.0
2020-08-30,12,nl,facemask,mondkapje,11.0
2020-09-06,8,nl,facemask,mondkapje,7.0
2020-09-13,9,nl,facemask,mondkapje,8.0
2020-09-20,10,nl,facemask,mondkapje,9.0
2020-09-27,100,nl,facemask,mondkapje,99.0
2020-10-04,70,nl,facemask,mondkapje,69.0
2020-10-11,85,nl,facemask,mondkapje,84.0
2020-10-18,42,nl,facemask,mondkapje,41.0
2020-10-25,28,nl,facemask,mondkapje,27.0
2020-11-01,19,nl,facemask,mondkapje,18.0
2019-11-03,18,ger,grocerydelivery,lieferdienst,3.0
2019-11-10,18,ger,grocerydelivery,lieferdienst,2.0
2019-11-17,17,ger,grocerydelivery,lieferdienst,3.0
2019-11-24,20,ger,grocerydelivery,lieferdienst,0.0
2019-12-01,21,ger,grocerydelivery,lieferdienst,1.0
2019-12-08,19,ger,grocerydelivery,lieferdienst,-1.0
2019-12-15,20,ger,grocerydelivery,lieferdienst,2.0
2019-12-22,25,ger,grocerydelivery,lieferdienst,4.0
2019-12-29,26,ger,grocerydelivery,lieferdienst,-2.0
2020-01-05,18,ger,grocerydelivery,lieferdienst,0.0
2020-01-12,23,ger,grocerydelivery,lieferdienst,3.0
2020-01-19,18,ger,grocerydelivery,lieferdienst,-2.0
2020-01-26,21,ger,grocerydelivery,lieferdienst,4.0
2020-02-02,20,ger,grocerydelivery,lieferdienst,0.0
2020-02-09,21,ger,grocerydelivery,lieferdienst,2.0
2020-02-16,18,ger,grocerydelivery,lieferdienst,1.0
2020-02-23,19,ger,grocerydelivery,lieferdienst,0.0
2020-03-01,17,ger,grocerydelivery,lieferdienst,-5.0
2020-03-08,26,ger,grocerydelivery,lieferdienst,11.0
2020-03-15,82,ger,grocerydelivery,lieferdienst,63.0
2020-03-22,89,ger,grocerydelivery,lieferdienst,67.0
2020-03-29,100,ger,grocerydelivery,lieferdienst,84.0
2020-04-05,79,ger,grocerydelivery,lieferdienst,60.0
2020-04-12,45,ger,grocerydelivery,lieferdienst,27.0
2020-04-19,46,ger,grocerydelivery,lieferdienst,28.0
2020-04-26,56,ger,grocerydelivery,lieferdienst,35.0
2020-05-03,35,ger,grocerydelivery,lieferdienst,17.0
2020-05-10,35,ger,grocerydelivery,lieferdienst,18.0
2020-05-17,42,ger,grocerydelivery,lieferdienst,27.0
2020-05-24,33,ger,grocerydelivery,lieferdienst,15.0
2020-05-31,31,ger,grocerydelivery,lieferdienst,16.0
2020-06-07,28,ger,grocerydelivery,lieferdienst,9.0
2020-06-14,32,ger,grocerydelivery,lieferdienst,17.0
2020-06-21,25,ger,grocerydelivery,lieferdienst,8.0
2020-06-28,26,ger,grocerydelivery,lieferdienst,9.0
2020-07-05,25,ger,grocerydelivery,lieferdienst,8.0
2020-07-12,28,ger,grocerydelivery,lieferdienst,9.0
2020-07-19,26,ger,grocerydelivery,lieferdienst,11.0
2020-07-26,28,ger,grocerydelivery,lieferdienst,7.0
2020-08-02,34,ger,grocerydelivery,lieferdienst,12.0
2020-08-09,34,ger,grocerydelivery,lieferdienst,10.0
2020-08-16,29,ger,grocerydelivery,lieferdienst,10.0
2020-08-23,33,ger,grocerydelivery,lieferdienst,16.0
2020-08-30,25,ger,grocerydelivery,lieferdienst,9.0
2020-09-06,26,ger,grocerydelivery,lieferdienst,7.0
2020-09-13,26,ger,grocerydelivery,lieferdienst,5.0
2020-09-20,28,ger,grocerydelivery,lieferdienst,10.0
2020-09-27,31,ger,grocerydelivery,lieferdienst,7.0
2020-10-04,24,ger,grocerydelivery,lieferdienst,2.0
2020-10-11,31,ger,grocerydelivery,lieferdienst,15.0
2020-10-18,33,ger,grocerydelivery,lieferdienst,16.0
2020-10-25,35,ger,grocerydelivery,lieferdienst,9.0
2020-11-01,41,ger,grocerydelivery,lieferdienst,23.0
2019-11-03,2,uk,grocerydelivery,grocerydelivery,0.0
2019-11-10,4,uk,grocerydelivery,grocerydelivery,2.0
2019-11-17,4,uk,grocerydelivery,grocerydelivery,2.0
2019-11-24,3,uk,grocerydelivery,grocerydelivery,0.0
2019-12-01,3,uk,grocerydelivery,grocerydelivery,0.0
2019-12-08,3,uk,grocerydelivery,grocerydelivery,1.0
2019-12-15,5,uk,grocerydelivery,grocerydelivery,2.0
2019-12-22,3,uk,grocerydelivery,grocerydelivery,2.0
2019-12-29,4,uk,grocerydelivery,grocerydelivery,2.0
2020-01-05,4,uk,grocerydelivery,grocerydelivery,1.0
2020-01-12,3,uk,grocerydelivery,grocerydelivery,0.0
2020-01-19,3,uk,grocerydelivery,grocerydelivery,1.0
2020-01-26,4,uk,grocerydelivery,grocerydelivery,1.0
2020-02-02,3,uk,grocerydelivery,grocerydelivery,0.0
2020-02-09,5,uk,grocerydelivery,grocerydelivery,2.0
2020-02-16,4,uk,grocerydelivery,grocerydelivery,2.0
2020-02-23,3,uk,grocerydelivery,grocerydelivery,1.0
2020-03-01,5,uk,grocerydelivery,grocerydelivery,2.0
2020-03-08,9,uk,grocerydelivery,grocerydelivery,6.0
2020-03-15,43,uk,grocerydelivery,grocerydelivery,41.0
2020-03-22,100,uk,grocerydelivery,grocerydelivery,97.0
2020-03-29,63,uk,grocerydelivery,grocerydelivery,61.0
2020-04-05,39,uk,grocerydelivery,grocerydelivery,37.0
2020-04-12,32,uk,grocerydelivery,grocerydelivery,29.0
2020-04-19,22,uk,grocerydelivery,grocerydelivery,20.0
2020-04-26,16,uk,grocerydelivery,grocerydelivery,13.0
2020-05-03,11,uk,grocerydelivery,grocerydelivery,9.0
2020-05-10,12,uk,grocerydelivery,grocerydelivery,10.0
2020-05-17,9,uk,grocerydelivery,grocerydelivery,8.0
2020-05-24,8,uk,grocerydelivery,grocerydelivery,6.0
2020-05-31,8,uk,grocerydelivery,grocerydelivery,5.0
2020-06-07,6,uk,grocerydelivery,grocerydelivery,4.0
2020-06-14,7,uk,grocerydelivery,grocerydelivery,4.0
2020-06-21,6,uk,grocerydelivery,grocerydelivery,3.0
2020-06-28,4,uk,grocerydelivery,grocerydelivery,1.0
2020-07-05,5,uk,grocerydelivery,grocerydelivery,2.0
2020-07-12,3,uk,grocerydelivery,grocerydelivery,1.0
2020-07-19,5,uk,grocerydelivery,grocerydelivery,3.0
2020-07-26,6,uk,grocerydelivery,grocerydelivery,3.0
2020-08-02,6,uk,grocerydelivery,grocerydelivery,3.0
2020-08-09,5,uk,grocerydelivery,grocerydelivery,2.0
2020-08-16,5,uk,grocerydelivery,grocerydelivery,2.0
2020-08-23,7,uk,grocerydelivery,grocerydelivery,4.0
2020-08-30,8,uk,grocerydelivery,grocerydelivery,5.0
2020-09-06,7,uk,grocerydelivery,grocerydelivery,4.0
2020-09-13,5,uk,grocerydelivery,grocerydelivery,2.0
2020-09-20,8,uk,grocerydelivery,grocerydelivery,6.0
2020-09-27,9,uk,grocerydelivery,grocerydelivery,6.0
2020-10-04,9,uk,grocerydelivery,grocerydelivery,6.0
2020-10-11,7,uk,grocerydelivery,grocerydelivery,4.0
2020-10-18,6,uk,grocerydelivery,grocerydelivery,2.0
2020-10-25,6,uk,grocerydelivery,grocerydelivery,3.0
2020-11-01,9,uk,grocerydelivery,grocerydelivery,7.0
2019-11-03,9,nl,grocerydelivery,boodschappenbezorgen,-2.0
2019-11-10,3,nl,grocerydelivery,boodschappenbezorgen,-12.0
2019-11-17,5,nl,grocerydelivery,boodschappenbezorgen,0.0
2019-11-24,8,nl,grocerydelivery,boodschappenbezorgen,0.0
2019-12-01,7,nl,grocerydelivery,boodschappenbezorgen,-2.0
2019-12-08,5,nl,grocerydelivery,boodschappenbezorgen,-6.0
2019-12-15,9,nl,grocerydelivery,boodschappenbezorgen,1.0
2019-12-22,3,nl,grocerydelivery,boodschappenbezorgen,-5.0
2019-12-29,5,nl,grocerydelivery,boodschappenbezorgen,-8.0
2020-01-05,8,nl,grocerydelivery,boodschappenbezorgen,0.0
2020-01-12,6,nl,grocerydelivery,boodschappenbezorgen,-2.0
2020-01-19,4,nl,grocerydelivery,boodschappenbezorgen,-6.0
2020-01-26,6,nl,grocerydelivery,boodschappenbezorgen,-5.0
2020-02-02,13,nl,grocerydelivery,boodschappenbezorgen,3.0
2020-02-09,8,nl,grocerydelivery,boodschappenbezorgen,-3.0
2020-02-16,10,nl,grocerydelivery,boodschappenbezorgen,-4.0
2020-02-23,16,nl,grocerydelivery,boodschappenbezorgen,8.0
2020-03-01,7,nl,grocerydelivery,boodschappenbezorgen,0.0
2020-03-08,29,nl,grocerydelivery,boodschappenbezorgen,22.0
2020-03-15,93,nl,grocerydelivery,boodschappenbezorgen,87.0
2020-03-22,100,nl,grocerydelivery,boodschappenbezorgen,95.0
2020-03-29,45,nl,grocerydelivery,boodschappenbezorgen,36.0
2020-04-05,18,nl,grocerydelivery,boodschappenbezorgen,10.0
2020-04-12,16,nl,grocerydelivery,boodschappenbezorgen,10.0
2020-04-19,17,nl,grocerydelivery,boodschappenbezorgen,14.0
2020-04-26,8,nl,grocerydelivery,boodschappenbezorgen,3.0
2020-05-03,8,nl,grocerydelivery,boodschappenbezorgen,0.0
2020-05-10,11,nl,grocerydelivery,boodschappenbezorgen,4.0
2020-05-17,8,nl,grocerydelivery,boodschappenbezorgen,2.0
2020-05-24,9,nl,grocerydelivery,boodschappenbezorgen,2.0
2020-05-31,8,nl,grocerydelivery,boodschappenbezorgen,2.0
2020-06-07,7,nl,grocerydelivery,boodschappenbezorgen,2.0
2020-06-14,12,nl,grocerydelivery,boodschappenbezorgen,5.0
2020-06-21,4,nl,grocerydelivery,boodschappenbezorgen,-8.0
2020-06-28,6,nl,grocerydelivery,boodschappenbezorgen,-5.0
2020-07-05,8,nl,grocerydelivery,boodschappenbezorgen,4.0
2020-07-12,7,nl,grocerydelivery,boodschappenbezorgen,1.0
2020-07-19,10,nl,grocerydelivery,boodschappenbezorgen,1.0
2020-07-26,10,nl,grocerydelivery,boodschappenbezorgen,1.0
2020-08-02,8,nl,grocerydelivery,boodschappenbezorgen,-5.0
2020-08-09,8,nl,grocerydelivery,boodschappenbezorgen,4.0
2020-08-16,9,nl,grocerydelivery,boodschappenbezorgen,3.0
2020-08-23,12,nl,grocerydelivery,boodschappenbezorgen,4.0
2020-08-30,12,nl,grocerydelivery,boodschappenbezorgen,5.0
2020-09-06,10,nl,grocerydelivery,boodschappenbezorgen,2.0
2020-09-13,16,nl,grocerydelivery,boodschappenbezorgen,3.0
2020-09-20,15,nl,grocerydelivery,boodschappenbezorgen,5.0
2020-09-27,20,nl,grocerydelivery,boodschappenbezorgen,13.0
2020-10-04,29,nl,grocerydelivery,boodschappenbezorgen,20.0
2020-10-11,36,nl,grocerydelivery,boodschappenbezorgen,32.0
2020-10-18,23,nl,grocerydelivery,boodschappenbezorgen,18.0
2020-10-25,23,nl,grocerydelivery,boodschappenbezorgen,20.0
2020-11-01,12,nl,grocerydelivery,boodschappenbezorgen,3.0
2019-11-03,2,ger,hand-sanitizer,desinfektionsmittel,0.0
2019-11-10,2,ger,hand-sanitizer,desinfektionsmittel,0.0
2019-11-17,2,ger,hand-sanitizer,desinfektionsmittel,1.0
2019-11-24,2,ger,hand-sanitizer,desinfektionsmittel,0.0
2019-12-01,2,ger,hand-sanitizer,desinfektionsmittel,1.0
2019-12-08,1,ger,hand-sanitizer,desinfektionsmittel,0.0
2019-12-15,1,ger,hand-sanitizer,desinfektionsmittel,0.0
2019-12-22,1,ger,hand-sanitizer,desinfektionsmittel,0.0
2019-12-29,1,ger,hand-sanitizer,desinfektionsmittel,0.0
2020-01-05,2,ger,hand-sanitizer,desinfektionsmittel,1.0
2020-01-12,1,ger,hand-sanitizer,desinfektionsmittel,0.0
2020-01-19,2,ger,hand-sanitizer,desinfektionsmittel,1.0
2020-01-26,4,ger,hand-sanitizer,desinfektionsmittel,2.0
2020-02-02,4,ger,hand-sanitizer,desinfektionsmittel,2.0
2020-02-09,3,ger,hand-sanitizer,desinfektionsmittel,1.0
2020-02-16,2,ger,hand-sanitizer,desinfektionsmittel,0.0
2020-02-23,72,ger,hand-sanitizer,desinfektionsmittel,71.0
2020-03-01,91,ger,hand-sanitizer,desinfektionsmittel,89.0
2020-03-08,93,ger,hand-sanitizer,desinfektionsmittel,92.0
2020-03-15,100,ger,hand-sanitizer,desinfektionsmittel,99.0
2020-03-22,58,ger,hand-sanitizer,desinfektionsmittel,56.0
2020-03-29,33,ger,hand-sanitizer,desinfektionsmittel,32.0
2020-04-05,20,ger,hand-sanitizer,desinfektionsmittel,19.0
2020-04-12,21,ger,hand-sanitizer,desinfektionsmittel,20.0
2020-04-19,38,ger,hand-sanitizer,desinfektionsmittel,37.0
2020-04-26,27,ger,hand-sanitizer,desinfektionsmittel,26.0
2020-05-03,16,ger,hand-sanitizer,desinfektionsmittel,14.0
2020-05-10,16,ger,hand-sanitizer,desinfektionsmittel,15.0
2020-05-17,11,ger,hand-sanitizer,desinfektionsmittel,10.0
2020-05-24,10,ger,hand-sanitizer,desinfektionsmittel,9.0
2020-05-31,7,ger,hand-sanitizer,desinfektionsmittel,6.0
2020-06-07,6,ger,hand-sanitizer,desinfektionsmittel,5.0
2020-06-14,6,ger,hand-sanitizer,desinfektionsmittel,5.0
2020-06-21,5,ger,hand-sanitizer,desinfektionsmittel,3.0
2020-06-28,5,ger,hand-sanitizer,desinfektionsmittel,4.0
2020-07-05,5,ger,hand-sanitizer,desinfektionsmittel,4.0
2020-07-12,4,ger,hand-sanitizer,desinfektionsmittel,2.0
2020-07-19,4,ger,hand-sanitizer,desinfektionsmittel,2.0
2020-07-26,4,ger,hand-sanitizer,desinfektionsmittel,2.0
2020-08-02,6,ger,hand-sanitizer,desinfektionsmittel,5.0
2020-08-09,6,ger,hand-sanitizer,desinfektionsmittel,5.0
2020-08-16,5,ger,hand-sanitizer,desinfektionsmittel,4.0
2020-08-23,5,ger,hand-sanitizer,desinfektionsmittel,4.0
2020-08-30,5,ger,hand-sanitizer,desinfektionsmittel,4.0
2020-09-06,4,ger,hand-sanitizer,desinfektionsmittel,3.0
2020-09-13,5,ger,hand-sanitizer,desinfektionsmittel,4.0
2020-09-20,5,ger,hand-sanitizer,desinfektionsmittel,3.0
2020-09-27,5,ger,hand-sanitizer,desinfektionsmittel,4.0
2020-10-04,4,ger,hand-sanitizer,desinfektionsmittel,2.0
2020-10-11,5,ger,hand-sanitizer,desinfektionsmittel,3.0
2020-10-18,6,ger,hand-sanitizer,desinfektionsmittel,4.0
2020-10-25,6,ger,hand-sanitizer,desinfektionsmittel,4.0
2020-11-01,6,ger,hand-sanitizer,desinfektionsmittel,4.0
2019-11-03,2,nl,hand-sanitizer,desinfectiemiddel,2.0
2019-11-10,4,nl,hand-sanitizer,desinfectiemiddel,4.0
2019-11-17,0,nl,hand-sanitizer,desinfectiemiddel,-2.0
2019-11-24,0,nl,hand-sanitizer,desinfectiemiddel,0.0
2019-12-01,0,nl,hand-sanitizer,desinfectiemiddel,0.0
2019-12-08,2,nl,hand-sanitizer,desinfectiemiddel,0.0
2019-12-15,2,nl,hand-sanitizer,desinfectiemiddel,2.0
2019-12-22,0,nl,hand-sanitizer,desinfectiemiddel,-3.0
2019-12-29,2,nl,hand-sanitizer,desinfectiemiddel,2.0
2020-01-05,2,nl,hand-sanitizer,desinfectiemiddel,0.0
2020-01-12,2,nl,hand-sanitizer,desinfectiemiddel,0.0
2020-01-19,0,nl,hand-sanitizer,desinfectiemiddel,-2.0
2020-01-26,3,nl,hand-sanitizer,desinfectiemiddel,1.0
2020-02-02,0,nl,hand-sanitizer,desinfectiemiddel,-2.0
2020-02-09,0,nl,hand-sanitizer,desinfectiemiddel,0.0
2020-02-16,6,nl,hand-sanitizer,desinfectiemiddel,4.0
2020-02-23,19,nl,hand-sanitizer,desinfectiemiddel,15.0
2020-03-01,14,nl,hand-sanitizer,desinfectiemiddel,14.0
2020-03-08,15,nl,hand-sanitizer,desinfectiemiddel,15.0
2020-03-15,29,nl,hand-sanitizer,desinfectiemiddel,27.0
2020-03-22,100,nl,hand-sanitizer,desinfectiemiddel,100.0
2020-03-29,9,nl,hand-sanitizer,desinfectiemiddel,9.0
2020-04-05,12,nl,hand-sanitizer,desinfectiemiddel,12.0
2020-04-12,6,nl,hand-sanitizer,desinfectiemiddel,6.0
2020-04-19,14,nl,hand-sanitizer,desinfectiemiddel,12.0
2020-04-26,10,nl,hand-sanitizer,desinfectiemiddel,8.0
2020-05-03,14,nl,hand-sanitizer,desinfectiemiddel,12.0
2020-05-10,25,nl,hand-sanitizer,desinfectiemiddel,25.0
2020-05-17,11,nl,hand-sanitizer,desinfectiemiddel,11.0
2020-05-24,13,nl,hand-sanitizer,desinfectiemiddel,9.0
2020-05-31,4,nl,hand-sanitizer,desinfectiemiddel,4.0
2020-06-07,7,nl,hand-sanitizer,desinfectiemiddel,5.0
2020-06-14,4,nl,hand-sanitizer,desinfectiemiddel,-2.0
2020-06-21,4,nl,hand-sanitizer,desinfectiemiddel,4.0
2020-06-28,4,nl,hand-sanitizer,desinfectiemiddel,2.0
2020-07-05,5,nl,hand-sanitizer,desinfectiemiddel,5.0
2020-07-12,6,nl,hand-sanitizer,desinfectiemiddel,-3.0
2020-07-19,4,nl,hand-sanitizer,desinfectiemiddel,4.0
2020-07-26,2,nl,hand-sanitizer,desinfectiemiddel,2.0
2020-08-02,4,nl,hand-sanitizer,desinfectiemiddel,4.0
2020-08-09,4,nl,hand-sanitizer,desinfectiemiddel,4.0
2020-08-16,8,nl,hand-sanitizer,desinfectiemiddel,6.0
2020-08-23,7,nl,hand-sanitizer,desinfectiemiddel,7.0
2020-08-30,2,nl,hand-sanitizer,desinfectiemiddel,0.0
2020-09-06,4,nl,hand-sanitizer,desinfectiemiddel,2.0
2020-09-13,3,nl,hand-sanitizer,desinfectiemiddel,1.0
2020-09-20,4,nl,hand-sanitizer,desinfectiemiddel,2.0
2020-09-27,5,nl,hand-sanitizer,desinfectiemiddel,5.0
2020-10-04,3,nl,hand-sanitizer,desinfectiemiddel,1.0
2020-10-11,7,nl,hand-sanitizer,desinfectiemiddel,7.0
2020-10-18,6,nl,hand-sanitizer,desinfectiemiddel,4.0
2020-10-25,4,nl,hand-sanitizer,desinfectiemiddel,2.0
2020-11-01,4,nl,hand-sanitizer,desinfectiemiddel,2.0
2019-11-03,1,uk,hand-sanitizer,hand-sanitizer,0.0
2019-11-10,1,uk,hand-sanitizer,hand-sanitizer,0.0
2019-11-17,1,uk,hand-sanitizer,hand-sanitizer,0.0
2019-11-24,1,uk,hand-sanitizer,hand-sanitizer,0.0
2019-12-01,1,uk,hand-sanitizer,hand-sanitizer,0.0
2019-12-08,1,uk,hand-sanitizer,hand-sanitizer,0.0
2019-12-15,1,uk,hand-sanitizer,hand-sanitizer,0.0
2019-12-22,1,uk,hand-sanitizer,hand-sanitizer,0.0
2019-12-29,1,uk,hand-sanitizer,hand-sanitizer,0.0
2020-01-05,1,uk,hand-sanitizer,hand-sanitizer,0.0
2020-01-12,1,uk,hand-sanitizer,hand-sanitizer,0.0
2020-01-19,1,uk,hand-sanitizer,hand-sanitizer,0.0
2020-01-26,1,uk,hand-sanitizer,hand-sanitizer,0.0
2020-02-02,1,uk,hand-sanitizer,hand-sanitizer,0.0
2020-02-09,3,uk,hand-sanitizer,hand-sanitizer,2.0
2020-02-16,1,uk,hand-sanitizer,hand-sanitizer,0.0
2020-02-23,13,uk,hand-sanitizer,hand-sanitizer,12.0
2020-03-01,90,uk,hand-sanitizer,hand-sanitizer,89.0
2020-03-08,100,uk,hand-sanitizer,hand-sanitizer,99.0
2020-03-15,85,uk,hand-sanitizer,hand-sanitizer,84.0
2020-03-22,27,uk,hand-sanitizer,hand-sanitizer,26.0
2020-03-29,17,uk,hand-sanitizer,hand-sanitizer,16.0
2020-04-05,11,uk,hand-sanitizer,hand-sanitizer,10.0
2020-04-12,10,uk,hand-sanitizer,hand-sanitizer,9.0
2020-04-19,8,uk,hand-sanitizer,hand-sanitizer,7.0
2020-04-26,7,uk,hand-sanitizer,hand-sanitizer,6.0
2020-05-03,7,uk,hand-sanitizer,hand-sanitizer,6.0
2020-05-10,9,uk,hand-sanitizer,hand-sanitizer,8.0
2020-05-17,8,uk,hand-sanitizer,hand-sanitizer,7.0
2020-05-24,7,uk,hand-sanitizer,hand-sanitizer,6.0
2020-05-31,7,uk,hand-sanitizer,hand-sanitizer,6.0
2020-06-07,6,uk,hand-sanitizer,hand-sanitizer,5.0
2020-06-14,6,uk,hand-sanitizer,hand-sanitizer,5.0
2020-06-21,7,uk,hand-sanitizer,hand-sanitizer,6.0
2020-06-28,6,uk,hand-sanitizer,hand-sanitizer,5.0
2020-07-05,6,uk,hand-sanitizer,hand-sanitizer,5.0
2020-07-12,6,uk,hand-sanitizer,hand-sanitizer,5.0
2020-07-19,5,uk,hand-sanitizer,hand-sanitizer,4.0
2020-07-26,4,uk,hand-sanitizer,hand-sanitizer,3.0
2020-08-02,5,uk,hand-sanitizer,hand-sanitizer,4.0
2020-08-09,4,uk,hand-sanitizer,hand-sanitizer,3.0
2020-08-16,4,uk,hand-sanitizer,hand-sanitizer,3.0
2020-08-23,4,uk,hand-sanitizer,hand-sanitizer,3.0
2020-08-30,5,uk,hand-sanitizer,hand-sanitizer,4.0
2020-09-06,4,uk,hand-sanitizer,hand-sanitizer,3.0
2020-09-13,4,uk,hand-sanitizer,hand-sanitizer,3.0
2020-09-20,5,uk,hand-sanitizer,hand-sanitizer,4.0
2020-09-27,3,uk,hand-sanitizer,hand-sanitizer,2.0
2020-10-04,3,uk,hand-sanitizer,hand-sanitizer,2.0
2020-10-11,3,uk,hand-sanitizer,hand-sanitizer,2.0
2020-10-18,2,uk,hand-sanitizer,hand-sanitizer,1.0
2020-10-25,2,uk,hand-sanitizer,hand-sanitizer,1.0
2020-11-01,2,uk,hand-sanitizer,hand-sanitizer,1.0
2019-11-03,64,ger,pasta,pasta,4.0
2019-11-10,65,ger,pasta,pasta,1.0
2019-11-17,73,ger,pasta,pasta,23.0
2019-11-24,53,ger,pasta,pasta,-4.0
2019-12-01,64,ger,pasta,pasta,8.0
2019-12-08,62,ger,pasta,pasta,0.0
2019-12-15,59,ger,pasta,pasta,-2.0
2019-12-22,70,ger,pasta,pasta,5.0
2019-12-29,67,ger,pasta,pasta,0.0
2020-01-05,67,ger,pasta,pasta,3.0
2020-01-12,70,ger,pasta,pasta,10.0
2020-01-19,67,ger,pasta,pasta,8.0
2020-01-26,63,ger,pasta,pasta,0.0
2020-02-02,64,ger,pasta,pasta,0.0
2020-02-09,65,ger,pasta,pasta,3.0
2020-02-16,66,ger,pasta,pasta,5.0
2020-02-23,70,ger,pasta,pasta,7.0
2020-03-01,65,ger,pasta,pasta,8.0
2020-03-08,64,ger,pasta,pasta,2.0
2020-03-15,67,ger,pasta,pasta,3.0
2020-03-22,76,ger,pasta,pasta,19.0
2020-03-29,81,ger,pasta,pasta,19.0
2020-04-05,83,ger,pasta,pasta,22.0
2020-04-12,83,ger,pasta,pasta,24.0
2020-04-19,77,ger,pasta,pasta,14.0
2020-04-26,100,ger,pasta,pasta,37.0
2020-05-03,80,ger,pasta,pasta,18.0
2020-05-10,71,ger,pasta,pasta,4.0
2020-05-17,77,ger,pasta,pasta,15.0
2020-05-24,76,ger,pasta,pasta,13.0
2020-05-31,75,ger,pasta,pasta,21.0
2020-06-07,73,ger,pasta,pasta,12.0
2020-06-14,69,ger,pasta,pasta,10.0
2020-06-21,63,ger,pasta,pasta,9.0
2020-06-28,66,ger,pasta,pasta,11.0
2020-07-05,74,ger,pasta,pasta,18.0
2020-07-12,78,ger,pasta,pasta,24.0
2020-07-19,73,ger,pasta,pasta,16.0
2020-07-26,74,ger,pasta,pasta,14.0
2020-08-02,67,ger,pasta,pasta,4.0
2020-08-09,64,ger,pasta,pasta,3.0
2020-08-16,65,ger,pasta,pasta,5.0
2020-08-23,82,ger,pasta,pasta,19.0
2020-08-30,83,ger,pasta,pasta,22.0
2020-09-06,66,ger,pasta,pasta,6.0
2020-09-13,64,ger,pasta,pasta,1.0
2020-09-20,68,ger,pasta,pasta,8.0
2020-09-27,75,ger,pasta,pasta,5.0
2020-10-04,75,ger,pasta,pasta,11.0
2020-10-11,82,ger,pasta,pasta,22.0
2020-10-18,71,ger,pasta,pasta,8.0
2020-10-25,75,ger,pasta,pasta,10.0
2020-11-01,72,ger,pasta,pasta,8.0
2019-11-03,72,nl,pasta,pasta,6.0
2019-11-10,66,nl,pasta,pasta,-1.0
2019-11-17,69,nl,pasta,pasta,10.0
2019-11-24,65,nl,pasta,pasta,2.0
2019-12-01,67,nl,pasta,pasta,8.0
2019-12-08,65,nl,pasta,pasta,4.0
2019-12-15,62,nl,pasta,pasta,-2.0
2019-12-22,58,nl,pasta,pasta,2.0
2019-12-29,74,nl,pasta,pasta,0.0
2020-01-05,88,nl,pasta,pasta,16.0
2020-01-12,79,nl,pasta,pasta,5.0
2020-01-19,78,nl,pasta,pasta,11.0
2020-01-26,81,nl,pasta,pasta,10.0
2020-02-02,81,nl,pasta,pasta,5.0
2020-02-09,79,nl,pasta,pasta,6.0
2020-02-16,84,nl,pasta,pasta,12.0
2020-02-23,79,nl,pasta,pasta,5.0
2020-03-01,87,nl,pasta,pasta,16.0
2020-03-08,75,nl,pasta,pasta,0.0
2020-03-15,70,nl,pasta,pasta,3.0
2020-03-22,84,nl,pasta,pasta,12.0
2020-03-29,86,nl,pasta,pasta,15.0
2020-04-05,89,nl,pasta,pasta,17.0
2020-04-12,96,nl,pasta,pasta,25.0
2020-04-19,94,nl,pasta,pasta,36.0
2020-04-26,100,nl,pasta,pasta,26.0
2020-05-03,97,nl,pasta,pasta,28.0
2020-05-10,97,nl,pasta,pasta,27.0
2020-05-17,91,nl,pasta,pasta,18.0
2020-05-24,87,nl,pasta,pasta,18.0
2020-05-31,87,nl,pasta,pasta,17.0
2020-06-07,93,nl,pasta,pasta,28.0
2020-06-14,84,nl,pasta,pasta,16.0
2020-06-21,80,nl,pasta,pasta,11.0
2020-06-28,79,nl,pasta,pasta,10.0
2020-07-05,86,nl,pasta,pasta,12.0
2020-07-12,81,nl,pasta,pasta,7.0
2020-07-19,90,nl,pasta,pasta,11.0
2020-07-26,89,nl,pasta,pasta,17.0
2020-08-02,89,nl,pasta,pasta,21.0
2020-08-09,92,nl,pasta,pasta,13.0
2020-08-16,91,nl,pasta,pasta,12.0
2020-08-23,87,nl,pasta,pasta,12.0
2020-08-30,87,nl,pasta,pasta,17.0
2020-09-06,86,nl,pasta,pasta,11.0
2020-09-13,86,nl,pasta,pasta,12.0
2020-09-20,83,nl,pasta,pasta,9.0
2020-09-27,84,nl,pasta,pasta,12.0
2020-10-04,85,nl,pasta,pasta,14.0
2020-10-11,92,nl,pasta,pasta,21.0
2020-10-18,85,nl,pasta,pasta,8.0
2020-10-25,87,nl,pasta,pasta,13.0
2020-11-01,87,nl,pasta,pasta,15.0
2019-11-03,57,uk,pasta,pasta,5.0
2019-11-10,56,uk,pasta,pasta,4.0
2019-11-17,55,uk,pasta,pasta,5.0
2019-11-24,51,uk,pasta,pasta,3.0
2019-12-01,49,uk,pasta,pasta,3.0
2019-12-08,47,uk,pasta,pasta,1.0
2019-12-15,49,uk,pasta,pasta,9.0
2019-12-22,38,uk,pasta,pasta,3.0
2019-12-29,62,uk,pasta,pasta,2.0
2020-01-05,74,uk,pasta,pasta,5.0
2020-01-12,69,uk,pasta,pasta,1.0
2020-01-19,70,uk,pasta,pasta,8.0
2020-01-26,64,uk,pasta,pasta,5.0
2020-02-02,67,uk,pasta,pasta,5.0
2020-02-09,66,uk,pasta,pasta,7.0
2020-02-16,66,uk,pasta,pasta,7.0
2020-02-23,64,uk,pasta,pasta,5.0
2020-03-01,67,uk,pasta,pasta,7.0
2020-03-08,69,uk,pasta,pasta,9.0
2020-03-15,93,uk,pasta,pasta,35.0
2020-03-22,90,uk,pasta,pasta,31.0
2020-03-29,100,uk,pasta,pasta,45.0
2020-04-05,99,uk,pasta,pasta,40.0
2020-04-12,100,uk,pasta,pasta,47.0
2020-04-19,95,uk,pasta,pasta,43.0
2020-04-26,89,uk,pasta,pasta,34.0
2020-05-03,88,uk,pasta,pasta,31.0
2020-05-10,88,uk,pasta,pasta,34.0
2020-05-17,83,uk,pasta,pasta,32.0
2020-05-24,77,uk,pasta,pasta,25.0
2020-05-31,76,uk,pasta,pasta,24.0
2020-06-07,76,uk,pasta,pasta,21.0
2020-06-14,71,uk,pasta,pasta,17.0
2020-06-21,69,uk,pasta,pasta,19.0
2020-06-28,70,uk,pasta,pasta,17.0
2020-07-05,68,uk,pasta,pasta,15.0
2020-07-12,65,uk,pasta,pasta,8.0
2020-07-19,69,uk,pasta,pasta,17.0
2020-07-26,65,uk,pasta,pasta,9.0
2020-08-02,67,uk,pasta,pasta,9.0
2020-08-09,66,uk,pasta,pasta,10.0
2020-08-16,65,uk,pasta,pasta,8.0
2020-08-23,68,uk,pasta,pasta,10.0
2020-08-30,71,uk,pasta,pasta,12.0
2020-09-06,72,uk,pasta,pasta,12.0
2020-09-13,65,uk,pasta,pasta,8.0
2020-09-20,68,uk,pasta,pasta,13.0
2020-09-27,70,uk,pasta,pasta,13.0
2020-10-04,68,uk,pasta,pasta,9.0
2020-10-11,69,uk,pasta,pasta,14.0
2020-10-18,68,uk,pasta,pasta,11.0
2020-10-25,65,uk,pasta,pasta,11.0
2020-11-01,66,uk,pasta,pasta,9.0
2019-11-03,68,uk,restaurant,restaurant,0.0
2019-11-10,69,uk,restaurant,restaurant,2.0
2019-11-17,65,uk,restaurant,restaurant,3.0
2019-11-24,62,uk,restaurant,restaurant,-2.0
2019-12-01,62,uk,restaurant,restaurant,-3.0
2019-12-08,72,uk,restaurant,restaurant,7.0
2019-12-15,71,uk,restaurant,restaurant,6.0
2019-12-22,70,uk,restaurant,restaurant,3.0
2019-12-29,77,uk,restaurant,restaurant,6.0
2020-01-05,65,uk,restaurant,restaurant,0.0
2020-01-12,68,uk,restaurant,restaurant,3.0
2020-01-19,71,uk,restaurant,restaurant,2.0
2020-01-26,67,uk,restaurant,restaurant,5.0
2020-02-02,69,uk,restaurant,restaurant,-2.0
2020-02-09,75,uk,restaurant,restaurant,-1.0
2020-02-16,70,uk,restaurant,restaurant,0.0
2020-02-23,64,uk,restaurant,restaurant,-1.0
2020-03-01,61,uk,restaurant,restaurant,-3.0
2020-03-08,52,uk,restaurant,restaurant,-17.0
2020-03-15,35,uk,restaurant,restaurant,-35.0
2020-03-22,22,uk,restaurant,restaurant,-47.0
2020-03-29,25,uk,restaurant,restaurant,-43.0
2020-04-05,23,uk,restaurant,restaurant,-44.0
2020-04-12,25,uk,restaurant,restaurant,-42.0
2020-04-19,23,uk,restaurant,restaurant,-38.0
2020-04-26,24,uk,restaurant,restaurant,-38.0
2020-05-03,24,uk,restaurant,restaurant,-38.0
2020-05-10,24,uk,restaurant,restaurant,-39.0
2020-05-17,26,uk,restaurant,restaurant,-40.0
2020-05-24,24,uk,restaurant,restaurant,-43.0
2020-05-31,27,uk,restaurant,restaurant,-37.0
2020-06-07,26,uk,restaurant,restaurant,-41.0
2020-06-14,28,uk,restaurant,restaurant,-38.0
2020-06-21,33,uk,restaurant,restaurant,-31.0
2020-06-28,40,uk,restaurant,restaurant,-23.0
2020-07-05,53,uk,restaurant,restaurant,-14.0
2020-07-12,57,uk,restaurant,restaurant,-9.0
2020-07-19,66,uk,restaurant,restaurant,-3.0
2020-07-26,68,uk,restaurant,restaurant,-4.0
2020-08-02,88,uk,restaurant,restaurant,13.0
2020-08-09,90,uk,restaurant,restaurant,16.0
2020-08-16,98,uk,restaurant,restaurant,25.0
2020-08-23,100,uk,restaurant,restaurant,26.0
2020-08-30,85,uk,restaurant,restaurant,17.0
2020-09-06,71,uk,restaurant,restaurant,1.0
2020-09-13,66,uk,restaurant,restaurant,-3.0
2020-09-20,63,uk,restaurant,restaurant,-5.0
2020-09-27,61,uk,restaurant,restaurant,-7.0
2020-10-04,62,uk,restaurant,restaurant,-11.0
2020-10-11,56,uk,restaurant,restaurant,-13.0
2020-10-18,54,uk,restaurant,restaurant,-17.0
2020-10-25,55,uk,restaurant,restaurant,-14.0
2020-11-01,39,uk,restaurant,restaurant,-29.0
2019-11-03,77,nl,restaurant,restaurant,1.0
2019-11-10,75,nl,restaurant,restaurant,2.0
2019-11-17,75,nl,restaurant,restaurant,6.0
2019-11-24,70,nl,restaurant,restaurant,1.0
2019-12-01,71,nl,restaurant,restaurant,2.0
2019-12-08,68,nl,restaurant,restaurant,1.0
2019-12-15,67,nl,restaurant,restaurant,-4.0
2019-12-22,81,nl,restaurant,restaurant,3.0
2019-12-29,77,nl,restaurant,restaurant,0.0
2020-01-05,68,nl,restaurant,restaurant,1.0
2020-01-12,75,nl,restaurant,restaurant,10.0
2020-01-19,73,nl,restaurant,restaurant,7.0
2020-01-26,70,nl,restaurant,restaurant,4.0
2020-02-02,71,nl,restaurant,restaurant,-1.0
2020-02-09,78,nl,restaurant,restaurant,3.0
2020-02-16,74,nl,restaurant,restaurant,1.0
2020-02-23,77,nl,restaurant,restaurant,8.0
2020-03-01,66,nl,restaurant,restaurant,-3.0
2020-03-08,52,nl,restaurant,restaurant,-13.0
2020-03-15,31,nl,restaurant,restaurant,-36.0
2020-03-22,25,nl,restaurant,restaurant,-43.0
2020-03-29,26,nl,restaurant,restaurant,-40.0
2020-04-05,26,nl,restaurant,restaurant,-45.0
2020-04-12,26,nl,restaurant,restaurant,-42.0
2020-04-19,26,nl,restaurant,restaurant,-44.0
2020-04-26,30,nl,restaurant,restaurant,-48.0
2020-05-03,33,nl,restaurant,restaurant,-35.0
2020-05-10,34,nl,restaurant,restaurant,-37.0
2020-05-17,37,nl,restaurant,restaurant,-30.0
2020-05-24,40,nl,restaurant,restaurant,-38.0
2020-05-31,59,nl,restaurant,restaurant,-9.0
2020-06-07,64,nl,restaurant,restaurant,-8.0
2020-06-14,68,nl,restaurant,restaurant,0.0
2020-06-21,76,nl,restaurant,restaurant,8.0
2020-06-28,77,nl,restaurant,restaurant,7.0
2020-07-05,85,nl,restaurant,restaurant,13.0
2020-07-12,90,nl,restaurant,restaurant,13.0
2020-07-19,100,nl,restaurant,restaurant,20.0
2020-07-26,100,nl,restaurant,restaurant,12.0
2020-08-02,99,nl,restaurant,restaurant,8.0
2020-08-09,92,nl,restaurant,restaurant,4.0
2020-08-16,96,nl,restaurant,restaurant,16.0
2020-08-23,88,nl,restaurant,restaurant,13.0
2020-08-30,87,nl,restaurant,restaurant,15.0
2020-09-06,90,nl,restaurant,restaurant,20.0
2020-09-13,85,nl,restaurant,restaurant,13.0
2020-09-20,79,nl,restaurant,restaurant,8.0
2020-09-27,73,nl,restaurant,restaurant,0.0
2020-10-04,64,nl,restaurant,restaurant,-11.0
2020-10-11,55,nl,restaurant,restaurant,-27.0
2020-10-18,37,nl,restaurant,restaurant,-48.0
2020-10-25,32,nl,restaurant,restaurant,-43.0
2020-11-01,27,nl,restaurant,restaurant,-50.0
2019-11-03,85,ger,restaurant,restaurant,11.0
2019-11-10,85,ger,restaurant,restaurant,8.0
2019-11-17,83,ger,restaurant,restaurant,9.0
2019-11-24,79,ger,restaurant,restaurant,5.0
2019-12-01,80,ger,restaurant,restaurant,3.0
2019-12-08,80,ger,restaurant,restaurant,3.0
2019-12-15,80,ger,restaurant,restaurant,6.0
2019-12-22,100,ger,restaurant,restaurant,7.0
2019-12-29,99,ger,restaurant,restaurant,15.0
2020-01-05,80,ger,restaurant,restaurant,10.0
2020-01-12,79,ger,restaurant,restaurant,9.0
2020-01-19,78,ger,restaurant,restaurant,11.0
2020-01-26,78,ger,restaurant,restaurant,9.0
2020-02-02,77,ger,restaurant,restaurant,2.0
2020-02-09,85,ger,restaurant,restaurant,3.0
2020-02-16,77,ger,restaurant,restaurant,5.0
2020-02-23,73,ger,restaurant,restaurant,-2.0
2020-03-01,74,ger,restaurant,restaurant,-7.0
2020-03-08,55,ger,restaurant,restaurant,-19.0
2020-03-15,40,ger,restaurant,restaurant,-37.0
2020-03-22,26,ger,restaurant,restaurant,-51.0
2020-03-29,27,ger,restaurant,restaurant,-45.0
2020-04-05,27,ger,restaurant,restaurant,-46.0
2020-04-12,26,ger,restaurant,restaurant,-57.0
2020-04-19,26,ger,restaurant,restaurant,-50.0
2020-04-26,30,ger,restaurant,restaurant,-45.0
2020-05-03,37,ger,restaurant,restaurant,-41.0
2020-05-10,49,ger,restaurant,restaurant,-25.0
2020-05-17,63,ger,restaurant,restaurant,-7.0
2020-05-24,60,ger,restaurant,restaurant,-17.0
2020-05-31,70,ger,restaurant,restaurant,-1.0
2020-06-07,74,ger,restaurant,restaurant,-3.0
2020-06-14,71,ger,restaurant,restaurant,-8.0
2020-06-21,73,ger,restaurant,restaurant,5.0
2020-06-28,81,ger,restaurant,restaurant,6.0
2020-07-05,87,ger,restaurant,restaurant,8.0
2020-07-12,92,ger,restaurant,restaurant,10.0
2020-07-19,99,ger,restaurant,restaurant,16.0
2020-07-26,99,ger,restaurant,restaurant,10.0
2020-08-02,97,ger,restaurant,restaurant,6.0
2020-08-09,96,ger,restaurant,restaurant,8.0
2020-08-16,98,ger,restaurant,restaurant,17.0
2020-08-23,98,ger,restaurant,restaurant,19.0
2020-08-30,93,ger,restaurant,restaurant,11.0
2020-09-06,96,ger,restaurant,restaurant,16.0
2020-09-13,93,ger,restaurant,restaurant,11.0
2020-09-20,92,ger,restaurant,restaurant,11.0
2020-09-27,88,ger,restaurant,restaurant,-5.0
2020-10-04,88,ger,restaurant,restaurant,2.0
2020-10-11,82,ger,restaurant,restaurant,-6.0
2020-10-18,72,ger,restaurant,restaurant,-14.0
2020-10-25,68,ger,restaurant,restaurant,-23.0
2020-11-01,35,ger,restaurant,restaurant,-50.0
2019-11-03,72,ger,rice,rei,7.0
2019-11-10,73,ger,rice,rei,5.0
2019-11-17,76,ger,rice,rei,11.0
2019-11-24,68,ger,rice,rei,6.0
2019-12-01,65,ger,rice,rei,8.0
2019-12-08,74,ger,rice,rei,13.0
2019-12-15,63,ger,rice,rei,6.0
2019-12-22,65,ger,rice,rei,9.0
2019-12-29,89,ger,rice,rei,7.0
2020-01-05,95,ger,rice,rei,8.0
2020-01-12,94,ger,rice,rei,11.0
2020-01-19,100,ger,rice,rei,17.0
2020-01-26,90,ger,rice,rei,11.0
2020-02-02,88,ger,rice,rei,9.0
2020-02-09,88,ger,rice,rei,9.0
2020-02-16,82,ger,rice,rei,8.0
2020-02-23,92,ger,rice,rei,21.0
2020-03-01,92,ger,rice,rei,13.0
2020-03-08,91,ger,rice,rei,12.0
2020-03-15,82,ger,rice,rei,5.0
2020-03-22,96,ger,rice,rei,24.0
2020-03-29,99,ger,rice,rei,31.0
2020-04-05,94,ger,rice,rei,25.0
2020-04-12,90,ger,rice,rei,22.0
2020-04-19,91,ger,rice,rei,33.0
2020-04-26,100,ger,rice,rei,29.0
2020-05-03,97,ger,rice,rei,25.0
2020-05-10,92,ger,rice,rei,26.0
2020-05-17,86,ger,rice,rei,14.0
2020-05-24,87,ger,rice,rei,23.0
2020-05-31,83,ger,rice,rei,17.0
2020-06-07,92,ger,rice,rei,32.0
2020-06-14,92,ger,rice,rei,28.0
2020-06-21,81,ger,rice,rei,24.0
2020-06-28,83,ger,rice,rei,21.0
2020-07-05,90,ger,rice,rei,26.0
2020-07-12,87,ger,rice,rei,22.0
2020-07-19,86,ger,rice,rei,21.0
2020-07-26,82,ger,rice,rei,11.0
2020-08-02,84,ger,rice,rei,10.0
2020-08-09,80,ger,rice,rei,8.0
2020-08-16,89,ger,rice,rei,22.0
2020-08-23,88,ger,rice,rei,22.0
2020-08-30,86,ger,rice,rei,17.0
2020-09-06,81,ger,rice,rei,12.0
2020-09-13,84,ger,rice,rei,15.0
2020-09-20,83,ger,rice,rei,17.0
2020-09-27,79,ger,rice,rei,10.0
2020-10-04,81,ger,rice,rei,10.0
2020-10-11,85,ger,rice,rei,10.0
2020-10-18,88,ger,rice,rei,14.0
2020-10-25,82,ger,rice,rei,9.0
2020-11-01,80,ger,rice,rei,8.0
2019-11-03,68,nl,rice,rijst,3.0
2019-11-10,58,nl,rice,rijst,-5.0
2019-11-17,64,nl,rice,rijst,2.0
2019-11-24,67,nl,rice,rijst,9.0
2019-12-01,63,nl,rice,rijst,0.0
2019-12-08,52,nl,rice,rijst,-8.0
2019-12-15,50,nl,rice,rijst,-9.0
2019-12-22,52,nl,rice,rijst,0.0
2019-12-29,66,nl,rice,rijst,1.0
2020-01-05,85,nl,rice,rijst,13.0
2020-01-12,81,nl,rice,rijst,0.0
2020-01-19,81,nl,rice,rijst,13.0
2020-01-26,76,nl,rice,rijst,2.0
2020-02-02,75,nl,rice,rijst,-2.0
2020-02-09,68,nl,rice,rijst,-5.0
2020-02-16,80,nl,rice,rijst,6.0
2020-02-23,80,nl,rice,rijst,16.0
2020-03-01,72,nl,rice,rijst,-1.0
2020-03-08,79,nl,rice,rijst,7.0
2020-03-15,80,nl,rice,rijst,15.0
2020-03-22,89,nl,rice,rijst,18.0
2020-03-29,90,nl,rice,rijst,27.0
2020-04-05,80,nl,rice,rijst,9.0
2020-04-12,86,nl,rice,rijst,33.0
2020-04-19,84,nl,rice,rijst,34.0
2020-04-26,100,nl,rice,rijst,34.0
2020-05-03,92,nl,rice,rijst,21.0
2020-05-10,87,nl,rice,rijst,14.0
2020-05-17,78,nl,rice,rijst,9.0
2020-05-24,81,nl,rice,rijst,23.0
2020-05-31,77,nl,rice,rijst,14.0
2020-06-07,84,nl,rice,rijst,23.0
2020-06-14,73,nl,rice,rijst,17.0
2020-06-21,69,nl,rice,rijst,19.0
2020-06-28,73,nl,rice,rijst,14.0
2020-07-05,78,nl,rice,rijst,15.0
2020-07-12,72,nl,rice,rijst,12.0
2020-07-19,76,nl,rice,rijst,25.0
2020-07-26,77,nl,rice,rijst,10.0
2020-08-02,72,nl,rice,rijst,-4.0
2020-08-09,61,nl,rice,rijst,-10.0
2020-08-16,71,nl,rice,rijst,2.0
2020-08-23,77,nl,rice,rijst,18.0
2020-08-30,80,nl,rice,rijst,10.0
2020-09-06,80,nl,rice,rijst,14.0
2020-09-13,74,nl,rice,rijst,7.0
2020-09-20,76,nl,rice,rijst,12.0
2020-09-27,84,nl,rice,rijst,19.0
2020-10-04,78,nl,rice,rijst,13.0
2020-10-11,83,nl,rice,rijst,17.0
2020-10-18,88,nl,rice,rijst,23.0
2020-10-25,87,nl,rice,rijst,22.0
2020-11-01,81,nl,rice,rijst,13.0
2019-11-03,57,uk,rice,rice,3.0
2019-11-10,59,uk,rice,rice,4.0
2019-11-17,55,uk,rice,rice,2.0
2019-11-24,51,uk,rice,rice,2.0
2019-12-01,50,uk,rice,rice,-4.0
2019-12-08,47,uk,rice,rice,3.0
2019-12-15,47,uk,rice,rice,2.0
2019-12-22,46,uk,rice,rice,0.0
2019-12-29,76,uk,rice,rice,13.0
2020-01-05,78,uk,rice,rice,1.0
2020-01-12,74,uk,rice,rice,-2.0
2020-01-19,75,uk,rice,rice,8.0
2020-01-26,72,uk,rice,rice,9.0
2020-02-02,69,uk,rice,rice,-3.0
2020-02-09,66,uk,rice,rice,0.0
2020-02-16,64,uk,rice,rice,2.0
2020-02-23,63,uk,rice,rice,3.0
2020-03-01,65,uk,rice,rice,3.0
2020-03-08,63,uk,rice,rice,2.0
2020-03-15,73,uk,rice,rice,3.0
2020-03-22,80,uk,rice,rice,18.0
2020-03-29,90,uk,rice,rice,30.0
2020-04-05,96,uk,rice,rice,31.0
2020-04-12,100,uk,rice,rice,41.0
2020-04-19,95,uk,rice,rice,40.0
2020-04-26,99,uk,rice,rice,38.0
2020-05-03,92,uk,rice,rice,32.0
2020-05-10,92,uk,rice,rice,24.0
2020-05-17,86,uk,rice,rice,27.0
2020-05-24,80,uk,rice,rice,24.0
2020-05-31,76,uk,rice,rice,19.0
2020-06-07,80,uk,rice,rice,19.0
2020-06-14,77,uk,rice,rice,20.0
2020-06-21,70,uk,rice,rice,17.0
2020-06-28,75,uk,rice,rice,23.0
2020-07-05,70,uk,rice,rice,16.0
2020-07-12,70,uk,rice,rice,18.0
2020-07-19,75,uk,rice,rice,24.0
2020-07-26,78,uk,rice,rice,23.0
2020-08-02,70,uk,rice,rice,12.0
2020-08-09,66,uk,rice,rice,13.0
2020-08-16,69,uk,rice,rice,12.0
2020-08-23,69,uk,rice,rice,13.0
2020-08-30,70,uk,rice,rice,1.0
2020-09-06,69,uk,rice,rice,1.0
2020-09-13,67,uk,rice,rice,-6.0
2020-09-20,72,uk,rice,rice,-1.0
2020-09-27,71,uk,rice,rice,0.0
2020-10-04,97,uk,rice,rice,25.0
2020-10-11,87,uk,rice,rice,28.0
2020-10-18,78,uk,rice,rice,18.0
2020-10-25,77,uk,rice,rice,18.0
2020-11-01,67,uk,rice,rice,10.0
2019-11-03,58,nl,spices,kruiden,12.0
2019-11-10,58,nl,spices,kruiden,2.0
2019-11-17,59,nl,spices,kruiden,14.0
2019-11-24,49,nl,spices,kruiden,-3.0
2019-12-01,50,nl,spices,kruiden,-4.0
2019-12-08,54,nl,spices,kruiden,0.0
2019-12-15,55,nl,spices,kruiden,-5.0
2019-12-22,69,nl,spices,kruiden,11.0
2019-12-29,59,nl,spices,kruiden,8.0
2020-01-05,65,nl,spices,kruiden,5.0
2020-01-12,60,nl,spices,kruiden,-1.0
2020-01-19,66,nl,spices,kruiden,14.0
2020-01-26,58,nl,spices,kruiden,1.0
2020-02-02,60,nl,spices,kruiden,3.0
2020-02-09,55,nl,spices,kruiden,-2.0
2020-02-16,53,nl,spices,kruiden,-2.0
2020-02-23,57,nl,spices,kruiden,4.0
2020-03-01,54,nl,spices,kruiden,6.0
2020-03-08,52,nl,spices,kruiden,3.0
2020-03-15,67,nl,spices,kruiden,17.0
2020-03-22,72,nl,spices,kruiden,21.0
2020-03-29,82,nl,spices,kruiden,26.0
2020-04-05,86,nl,spices,kruiden,37.0
2020-04-12,88,nl,spices,kruiden,32.0
2020-04-19,83,nl,spices,kruiden,34.0
2020-04-26,100,nl,spices,kruiden,39.0
2020-05-03,93,nl,spices,kruiden,39.0
2020-05-10,86,nl,spices,kruiden,33.0
2020-05-17,79,nl,spices,kruiden,24.0
2020-05-24,84,nl,spices,kruiden,26.0
2020-05-31,65,nl,spices,kruiden,14.0
2020-06-07,76,nl,spices,kruiden,25.0
2020-06-14,71,nl,spices,kruiden,19.0
2020-06-21,59,nl,spices,kruiden,10.0
2020-06-28,63,nl,spices,kruiden,11.0
2020-07-05,67,nl,spices,kruiden,15.0
2020-07-12,63,nl,spices,kruiden,7.0
2020-07-19,65,nl,spices,kruiden,5.0
2020-07-26,68,nl,spices,kruiden,11.0
2020-08-02,66,nl,spices,kruiden,11.0
2020-08-09,60,nl,spices,kruiden,3.0
2020-08-16,67,nl,spices,kruiden,6.0
2020-08-23,60,nl,spices,kruiden,11.0
2020-08-30,62,nl,spices,kruiden,12.0
2020-09-06,61,nl,spices,kruiden,1.0
2020-09-13,62,nl,spices,kruiden,-1.0
2020-09-20,65,nl,spices,kruiden,6.0
2020-09-27,64,nl,spices,kruiden,10.0
2020-10-04,70,nl,spices,kruiden,12.0
2020-10-11,71,nl,spices,kruiden,10.0
2020-10-18,75,nl,spices,kruiden,7.0
2020-10-25,75,nl,spices,kruiden,19.0
2020-11-01,71,nl,spices,kruiden,13.0
2019-11-03,61,uk,spices,spice,5.0
2019-11-10,58,uk,spices,spice,-5.0
2019-11-17,62,uk,spices,spice,4.0
2019-11-24,54,uk,spices,spice,-7.0
2019-12-01,59,uk,spices,spice,0.0
2019-12-08,62,uk,spices,spice,-6.0
2019-12-15,69,uk,spices,spice,9.0
2019-12-22,76,uk,spices,spice,-3.0
2019-12-29,62,uk,spices,spice,-7.0
2020-01-05,72,uk,spices,spice,3.0
2020-01-12,73,uk,spices,spice,13.0
2020-01-19,60,uk,spices,spice,-6.0
2020-01-26,69,uk,spices,spice,7.0
2020-02-02,71,uk,spices,spice,3.0
2020-02-09,66,uk,spices,spice,-3.0
2020-02-16,53,uk,spices,spice,-5.0
2020-02-23,58,uk,spices,spice,-1.0
2020-03-01,63,uk,spices,spice,6.0
2020-03-08,63,uk,spices,spice,5.0
2020-03-15,53,uk,spices,spice,-3.0
2020-03-22,79,uk,spices,spice,24.0
2020-03-29,92,uk,spices,spice,25.0
2020-04-05,98,uk,spices,spice,34.0
2020-04-12,100,uk,spices,spice,47.0
2020-04-19,92,uk,spices,spice,39.0
2020-04-26,98,uk,spices,spice,48.0
2020-05-03,93,uk,spices,spice,26.0
2020-05-10,81,uk,spices,spice,23.0
2020-05-17,79,uk,spices,spice,37.0
2020-05-24,83,uk,spices,spice,35.0
2020-05-31,75,uk,spices,spice,20.0
2020-06-07,70,uk,spices,spice,22.0
2020-06-14,73,uk,spices,spice,20.0
2020-06-21,67,uk,spices,spice,14.0
2020-06-28,68,uk,spices,spice,22.0
2020-07-05,73,uk,spices,spice,19.0
2020-07-12,69,uk,spices,spice,20.0
2020-07-19,63,uk,spices,spice,14.0
2020-07-26,61,uk,spices,spice,3.0
2020-08-02,64,uk,spices,spice,6.0
2020-08-09,60,uk,spices,spice,2.0
2020-08-16,76,uk,spices,spice,18.0
2020-08-23,65,uk,spices,spice,11.0
2020-08-30,68,uk,spices,spice,13.0
2020-09-06,72,uk,spices,spice,23.0
2020-09-13,63,uk,spices,spice,10.0
2020-09-20,72,uk,spices,spice,19.0
2020-09-27,74,uk,spices,spice,20.0
2020-10-04,83,uk,spices,spice,20.0
2020-10-11,79,uk,spices,spice,19.0
2020-10-18,77,uk,spices,spice,23.0
2020-10-25,79,uk,spices,spice,16.0
2020-11-01,77,uk,spices,spice,16.0
2019-11-03,74,ger,spices,gewuerze,-3.0
2019-11-10,70,ger,spices,gewuerze,-8.0
2019-11-17,74,ger,spices,gewuerze,5.0
2019-11-24,81,ger,spices,gewuerze,1.0
2019-12-01,87,ger,spices,gewuerze,5.0
2019-12-08,95,ger,spices,gewuerze,5.0
2019-12-15,100,ger,spices,gewuerze,17.0
2019-12-22,91,ger,spices,gewuerze,16.0
2019-12-29,76,ger,spices,gewuerze,8.0
2020-01-05,76,ger,spices,gewuerze,10.0
2020-01-12,64,ger,spices,gewuerze,-2.0
2020-01-19,68,ger,spices,gewuerze,8.0
2020-01-26,72,ger,spices,gewuerze,7.0
2020-02-02,62,ger,spices,gewuerze,-8.0
2020-02-09,59,ger,spices,gewuerze,-1.0
2020-02-16,67,ger,spices,gewuerze,6.0
2020-02-23,54,ger,spices,gewuerze,1.0
2020-03-01,63,ger,spices,gewuerze,6.0
2020-03-08,54,ger,spices,gewuerze,-5.0
2020-03-15,50,ger,spices,gewuerze,-11.0
2020-03-22,65,ger,spices,gewuerze,5.0
2020-03-29,81,ger,spices,gewuerze,25.0
2020-04-05,80,ger,spices,gewuerze,28.0
2020-04-12,76,ger,spices,gewuerze,19.0
2020-04-19,71,ger,spices,gewuerze,17.0
2020-04-26,78,ger,spices,gewuerze,22.0
2020-05-03,75,ger,spices,gewuerze,17.0
2020-05-10,66,ger,spices,gewuerze,16.0
2020-05-17,70,ger,spices,gewuerze,14.0
2020-05-24,69,ger,spices,gewuerze,15.0
2020-05-31,67,ger,spices,gewuerze,17.0
2020-06-07,64,ger,spices,gewuerze,11.0
2020-06-14,64,ger,spices,gewuerze,21.0
2020-06-21,58,ger,spices,gewuerze,15.0
2020-06-28,56,ger,spices,gewuerze,14.0
2020-07-05,71,ger,spices,gewuerze,24.0
2020-07-12,59,ger,spices,gewuerze,3.0
2020-07-19,73,ger,spices,gewuerze,20.0
2020-07-26,66,ger,spices,gewuerze,17.0
2020-08-02,74,ger,spices,gewuerze,17.0
2020-08-09,59,ger,spices,gewuerze,5.0
2020-08-16,66,ger,spices,gewuerze,10.0
2020-08-23,72,ger,spices,gewuerze,16.0
2020-08-30,73,ger,spices,gewuerze,20.0
2020-09-06,67,ger,spices,gewuerze,14.0
2020-09-13,63,ger,spices,gewuerze,5.0
2020-09-20,77,ger,spices,gewuerze,13.0
2020-09-27,88,ger,spices,gewuerze,21.0
2020-10-04,77,ger,spices,gewuerze,13.0
2020-10-11,90,ger,spices,gewuerze,20.0
2020-10-18,99,ger,spices,gewuerze,28.0
2020-10-25,88,ger,spices,gewuerze,19.0
2020-11-01,89,ger,spices,gewuerze,15.0
2019-11-03,20,nl,takeaway,takeaway,-2.0
2019-11-10,26,nl,takeaway,takeaway,1.0
2019-11-17,26,nl,takeaway,takeaway,9.0
2019-11-24,22,nl,takeaway,takeaway,-2.0
2019-12-01,23,nl,takeaway,takeaway,12.0
2019-12-08,27,nl,takeaway,takeaway,5.0
2019-12-15,20,nl,takeaway,takeaway,-1.0
2019-12-22,23,nl,takeaway,takeaway,-2.0
2019-12-29,18,nl,takeaway,takeaway,-5.0
2020-01-05,32,nl,takeaway,takeaway,4.0
2020-01-12,26,nl,takeaway,takeaway,4.0
2020-01-19,26,nl,takeaway,takeaway,-1.0
2020-01-26,29,nl,takeaway,takeaway,3.0
2020-02-02,25,nl,takeaway,takeaway,-2.0
2020-02-09,40,nl,takeaway,takeaway,22.0
2020-02-16,22,nl,takeaway,takeaway,-19.0
2020-02-23,38,nl,takeaway,takeaway,14.0
2020-03-01,27,nl,takeaway,takeaway,1.0
2020-03-08,26,nl,takeaway,takeaway,-6.0
2020-03-15,39,nl,takeaway,takeaway,19.0
2020-03-22,35,nl,takeaway,takeaway,15.0
2020-03-29,44,nl,takeaway,takeaway,26.0
2020-04-05,44,nl,takeaway,takeaway,13.0
2020-04-12,38,nl,takeaway,takeaway,16.0
2020-04-19,42,nl,takeaway,takeaway,15.0
2020-04-26,72,nl,takeaway,takeaway,45.0
2020-05-03,82,nl,takeaway,takeaway,63.0
2020-05-10,78,nl,takeaway,takeaway,57.0
2020-05-17,73,nl,takeaway,takeaway,52.0
2020-05-24,54,nl,takeaway,takeaway,28.0
2020-05-31,38,nl,takeaway,takeaway,17.0
2020-06-07,48,nl,takeaway,takeaway,25.0
2020-06-14,37,nl,takeaway,takeaway,12.0
2020-06-21,30,nl,takeaway,takeaway,4.0
2020-06-28,45,nl,takeaway,takeaway,19.0
2020-07-05,43,nl,takeaway,takeaway,23.0
2020-07-12,20,nl,takeaway,takeaway,-7.0
2020-07-19,33,nl,takeaway,takeaway,4.0
2020-07-26,27,nl,takeaway,takeaway,-12.0
2020-08-02,39,nl,takeaway,takeaway,14.0
2020-08-09,33,nl,takeaway,takeaway,3.0
2020-08-16,34,nl,takeaway,takeaway,10.0
2020-08-23,30,nl,takeaway,takeaway,0.0
2020-08-30,33,nl,takeaway,takeaway,9.0
2020-09-06,45,nl,takeaway,takeaway,21.0
2020-09-13,31,nl,takeaway,takeaway,13.0
2020-09-20,21,nl,takeaway,takeaway,-2.0
2020-09-27,32,nl,takeaway,takeaway,7.0
2020-10-04,38,nl,takeaway,takeaway,5.0
2020-10-11,78,nl,takeaway,takeaway,47.0
2020-10-18,100,nl,takeaway,takeaway,72.0
2020-10-25,99,nl,takeaway,takeaway,70.0
2020-11-01,91,nl,takeaway,takeaway,71.0
2019-11-03,54,uk,takeaway,takeaway,1.0
2019-11-10,50,uk,takeaway,takeaway,-7.0
2019-11-17,53,uk,takeaway,takeaway,-3.0
2019-11-24,52,uk,takeaway,takeaway,0.0
2019-12-01,51,uk,takeaway,takeaway,0.0
2019-12-08,46,uk,takeaway,takeaway,-7.0
2019-12-15,48,uk,takeaway,takeaway,-6.0
2019-12-22,56,uk,takeaway,takeaway,-2.0
2019-12-29,57,uk,takeaway,takeaway,-8.0
2020-01-05,47,uk,takeaway,takeaway,-5.0
2020-01-12,47,uk,takeaway,takeaway,-9.0
2020-01-19,50,uk,takeaway,takeaway,1.0
2020-01-26,54,uk,takeaway,takeaway,4.0
2020-02-02,52,uk,takeaway,takeaway,-9.0
2020-02-09,51,uk,takeaway,takeaway,-2.0
2020-02-16,55,uk,takeaway,takeaway,1.0
2020-02-23,55,uk,takeaway,takeaway,0.0
2020-03-01,55,uk,takeaway,takeaway,5.0
2020-03-08,48,uk,takeaway,takeaway,1.0
2020-03-15,71,uk,takeaway,takeaway,13.0
2020-03-22,100,uk,takeaway,takeaway,47.0
2020-03-29,81,uk,takeaway,takeaway,8.0
2020-04-05,73,uk,takeaway,takeaway,-6.0
2020-04-12,97,uk,takeaway,takeaway,18.0
2020-04-19,79,uk,takeaway,takeaway,8.0
2020-04-26,90,uk,takeaway,takeaway,37.0
2020-05-03,89,uk,takeaway,takeaway,40.0
2020-05-10,90,uk,takeaway,takeaway,38.0
2020-05-17,91,uk,takeaway,takeaway,40.0
2020-05-24,98,uk,takeaway,takeaway,42.0
2020-05-31,90,uk,takeaway,takeaway,37.0
2020-06-07,95,uk,takeaway,takeaway,48.0
2020-06-14,91,uk,takeaway,takeaway,43.0
2020-06-21,91,uk,takeaway,takeaway,37.0
2020-06-28,85,uk,takeaway,takeaway,37.0
2020-07-05,84,uk,takeaway,takeaway,33.0
2020-07-12,78,uk,takeaway,takeaway,25.0
2020-07-19,84,uk,takeaway,takeaway,27.0
2020-07-26,89,uk,takeaway,takeaway,35.0
2020-08-02,94,uk,takeaway,takeaway,43.0
2020-08-09,97,uk,takeaway,takeaway,38.0
2020-08-16,92,uk,takeaway,takeaway,35.0
2020-08-23,98,uk,takeaway,takeaway,27.0
2020-08-30,93,uk,takeaway,takeaway,36.0
2020-09-06,85,uk,takeaway,takeaway,32.0
2020-09-13,82,uk,takeaway,takeaway,30.0
2020-09-20,84,uk,takeaway,takeaway,31.0
2020-09-27,82,uk,takeaway,takeaway,25.0
2020-10-04,72,uk,takeaway,takeaway,13.0
2020-10-11,62,uk,takeaway,takeaway,10.0
2020-10-18,68,uk,takeaway,takeaway,14.0
2020-10-25,67,uk,takeaway,takeaway,19.0
2020-11-01,81,uk,takeaway,takeaway,27.0
2019-11-03,66,nl,to-go,to-go,2.0
2019-11-10,74,nl,to-go,to-go,-2.0
2019-11-17,80,nl,to-go,to-go,-3.0
2019-11-24,72,nl,to-go,to-go,-7.0
2019-12-01,71,nl,to-go,to-go,-5.0
2019-12-08,64,nl,to-go,to-go,-9.0
2019-12-15,69,nl,to-go,to-go,4.0
2019-12-22,75,nl,to-go,to-go,-3.0
2019-12-29,75,nl,to-go,to-go,3.0
2020-01-05,75,nl,to-go,to-go,0.0
2020-01-12,76,nl,to-go,to-go,5.0
2020-01-19,77,nl,to-go,to-go,14.0
2020-01-26,69,nl,to-go,to-go,8.0
2020-02-02,75,nl,to-go,to-go,-7.0
2020-02-09,81,nl,to-go,to-go,3.0
2020-02-16,76,nl,to-go,to-go,3.0
2020-02-23,81,nl,to-go,to-go,3.0
2020-03-01,75,nl,to-go,to-go,-1.0
2020-03-08,62,nl,to-go,to-go,-4.0
2020-03-15,75,nl,to-go,to-go,14.0
2020-03-22,81,nl,to-go,to-go,15.0
2020-03-29,83,nl,to-go,to-go,18.0
2020-04-05,74,nl,to-go,to-go,8.0
2020-04-12,84,nl,to-go,to-go,9.0
2020-04-19,83,nl,to-go,to-go,14.0
2020-04-26,89,nl,to-go,to-go,19.0
2020-05-03,97,nl,to-go,to-go,23.0
2020-05-10,84,nl,to-go,to-go,16.0
2020-05-17,97,nl,to-go,to-go,26.0
2020-05-24,90,nl,to-go,to-go,23.0
2020-05-31,83,nl,to-go,to-go,12.0
2020-06-07,76,nl,to-go,to-go,0.0
2020-06-14,79,nl,to-go,to-go,1.0
2020-06-21,76,nl,to-go,to-go,7.0
2020-06-28,69,nl,to-go,to-go,-8.0
2020-07-05,75,nl,to-go,to-go,7.0
2020-07-12,90,nl,to-go,to-go,11.0
2020-07-19,82,nl,to-go,to-go,5.0
2020-07-26,77,nl,to-go,to-go,-5.0
2020-08-02,78,nl,to-go,to-go,-7.0
2020-08-09,76,nl,to-go,to-go,-7.0
2020-08-16,81,nl,to-go,to-go,3.0
2020-08-23,86,nl,to-go,to-go,7.0
2020-08-30,80,nl,to-go,to-go,3.0
2020-09-06,82,nl,to-go,to-go,6.0
2020-09-13,72,nl,to-go,to-go,-7.0
2020-09-20,81,nl,to-go,to-go,-3.0
2020-09-27,71,nl,to-go,to-go,3.0
2020-10-04,72,nl,to-go,to-go,-2.0
2020-10-11,80,nl,to-go,to-go,6.0
2020-10-18,96,nl,to-go,to-go,22.0
2020-10-25,100,nl,to-go,to-go,20.0
2020-11-01,87,nl,to-go,to-go,21.0
2019-11-03,57,uk,to-go,to-go,2.0
2019-11-10,57,uk,to-go,to-go,1.0
2019-11-17,58,uk,to-go,to-go,2.0
2019-11-24,56,uk,to-go,to-go,1.0
2019-12-01,53,uk,to-go,to-go,0.0
2019-12-08,53,uk,to-go,to-go,1.0
2019-12-15,53,uk,to-go,to-go,4.0
2019-12-22,58,uk,to-go,to-go,-4.0
2019-12-29,67,uk,to-go,to-go,-3.0
2020-01-05,70,uk,to-go,to-go,4.0
2020-01-12,67,uk,to-go,to-go,4.0
2020-01-19,65,uk,to-go,to-go,2.0
2020-01-26,64,uk,to-go,to-go,5.0
2020-02-02,63,uk,to-go,to-go,3.0
2020-02-09,62,uk,to-go,to-go,2.0
2020-02-16,66,uk,to-go,to-go,3.0
2020-02-23,63,uk,to-go,to-go,2.0
2020-03-01,63,uk,to-go,to-go,3.0
2020-03-08,70,uk,to-go,to-go,13.0
2020-03-15,87,uk,to-go,to-go,26.0
2020-03-22,100,uk,to-go,to-go,40.0
2020-03-29,72,uk,to-go,to-go,12.0
2020-04-05,65,uk,to-go,to-go,2.0
2020-04-12,67,uk,to-go,to-go,4.0
2020-04-19,69,uk,to-go,to-go,8.0
2020-04-26,66,uk,to-go,to-go,8.0
2020-05-03,68,uk,to-go,to-go,8.0
2020-05-10,80,uk,to-go,to-go,21.0
2020-05-17,73,uk,to-go,to-go,11.0
2020-05-24,76,uk,to-go,to-go,12.0
2020-05-31,70,uk,to-go,to-go,11.0
2020-06-07,67,uk,to-go,to-go,8.0
2020-06-14,69,uk,to-go,to-go,7.0
2020-06-21,72,uk,to-go,to-go,8.0
2020-06-28,74,uk,to-go,to-go,11.0
2020-07-05,70,uk,to-go,to-go,7.0
2020-07-12,69,uk,to-go,to-go,2.0
2020-07-19,74,uk,to-go,to-go,8.0
2020-07-26,79,uk,to-go,to-go,12.0
2020-08-02,72,uk,to-go,to-go,4.0
2020-08-09,72,uk,to-go,to-go,5.0
2020-08-16,74,uk,to-go,to-go,4.0
2020-08-23,72,uk,to-go,to-go,4.0
2020-08-30,73,uk,to-go,to-go,10.0
2020-09-06,67,uk,to-go,to-go,7.0
2020-09-13,69,uk,to-go,to-go,7.0
2020-09-20,68,uk,to-go,to-go,6.0
2020-09-27,65,uk,to-go,to-go,4.0
2020-10-04,63,uk,to-go,to-go,3.0
2020-10-11,69,uk,to-go,to-go,9.0
2020-10-18,71,uk,to-go,to-go,10.0
2020-10-25,71,uk,to-go,to-go,14.0
2020-11-01,63,uk,to-go,to-go,6.0
2019-11-03,37,ger,to-go,zummitnehmen,2.0
2019-11-10,57,ger,to-go,zummitnehmen,21.0
2019-11-17,45,ger,to-go,zummitnehmen,-4.0
2019-11-24,51,ger,to-go,zummitnehmen,8.0
2019-12-01,56,ger,to-go,zummitnehmen,7.0
2019-12-08,46,ger,to-go,zummitnehmen,3.0
2019-12-15,36,ger,to-go,zummitnehmen,-7.0
2019-12-22,52,ger,to-go,zummitnehmen,10.0
2019-12-29,58,ger,to-go,zummitnehmen,16.0
2020-01-05,39,ger,to-go,zummitnehmen,0.0
2020-01-12,40,ger,to-go,zummitnehmen,-11.0
2020-01-19,45,ger,to-go,zummitnehmen,4.0
2020-01-26,42,ger,to-go,zummitnehmen,-1.0
2020-02-02,39,ger,to-go,zummitnehmen,1.0
2020-02-09,46,ger,to-go,zummitnehmen,9.0
2020-02-16,51,ger,to-go,zummitnehmen,7.0
2020-02-23,44,ger,to-go,zummitnehmen,-2.0
2020-03-01,41,ger,to-go,zummitnehmen,-5.0
2020-03-08,28,ger,to-go,zummitnehmen,-13.0
2020-03-15,42,ger,to-go,zummitnehmen,0.0
2020-03-22,62,ger,to-go,zummitnehmen,19.0
2020-03-29,65,ger,to-go,zummitnehmen,-1.0
2020-04-05,62,ger,to-go,zummitnehmen,10.0
2020-04-12,57,ger,to-go,zummitnehmen,9.0
2020-04-19,73,ger,to-go,zummitnehmen,29.0
2020-04-26,74,ger,to-go,zummitnehmen,26.0
2020-05-03,73,ger,to-go,zummitnehmen,32.0
2020-05-10,59,ger,to-go,zummitnehmen,23.0
2020-05-17,62,ger,to-go,zummitnehmen,19.0
2020-05-24,55,ger,to-go,zummitnehmen,11.0
2020-05-31,51,ger,to-go,zummitnehmen,-4.0
2020-06-07,56,ger,to-go,zummitnehmen,14.0
2020-06-14,48,ger,to-go,zummitnehmen,-10.0
2020-06-21,58,ger,to-go,zummitnehmen,-4.0
2020-06-28,49,ger,to-go,zummitnehmen,7.0
2020-07-05,54,ger,to-go,zummitnehmen,9.0
2020-07-12,58,ger,to-go,zummitnehmen,11.0
2020-07-19,54,ger,to-go,zummitnehmen,2.0
2020-07-26,59,ger,to-go,zummitnehmen,16.0
2020-08-02,74,ger,to-go,zummitnehmen,21.0
2020-08-09,70,ger,to-go,zummitnehmen,27.0
2020-08-16,71,ger,to-go,zummitnehmen,13.0
2020-08-23,68,ger,to-go,zummitnehmen,14.0
2020-08-30,47,ger,to-go,zummitnehmen,4.0
2020-09-06,58,ger,to-go,zummitnehmen,9.0
2020-09-13,51,ger,to-go,zummitnehmen,7.0
2020-09-20,59,ger,to-go,zummitnehmen,10.0
2020-09-27,63,ger,to-go,zummitnehmen,22.0
2020-10-04,56,ger,to-go,zummitnehmen,10.0
2020-10-11,69,ger,to-go,zummitnehmen,14.0
2020-10-18,64,ger,to-go,zummitnehmen,9.0
2020-10-25,67,ger,to-go,zummitnehmen,24.0
2020-11-01,100,ger,to-go,zummitnehmen,63.0
2019-11-03,2,ger,toiletpaper,toilettenpapier,0.0
2019-11-10,2,ger,toiletpaper,toilettenpapier,0.0
2019-11-17,2,ger,toiletpaper,toilettenpapier,0.0
2019-11-24,1,ger,toiletpaper,toilettenpapier,-1.0
2019-12-01,2,ger,toiletpaper,toilettenpapier,0.0
2019-12-08,2,ger,toiletpaper,toilettenpapier,1.0
2019-12-15,2,ger,toiletpaper,toilettenpapier,0.0
2019-12-22,1,ger,toiletpaper,toilettenpapier,-1.0
2019-12-29,2,ger,toiletpaper,toilettenpapier,0.0
2020-01-05,2,ger,toiletpaper,toilettenpapier,-3.0
2020-01-12,1,ger,toiletpaper,toilettenpapier,-2.0
2020-01-19,2,ger,toiletpaper,toilettenpapier,0.0
2020-01-26,2,ger,toiletpaper,toilettenpapier,-1.0
2020-02-02,1,ger,toiletpaper,toilettenpapier,-1.0
2020-02-09,2,ger,toiletpaper,toilettenpapier,0.0
2020-02-16,2,ger,toiletpaper,toilettenpapier,0.0
2020-02-23,2,ger,toiletpaper,toilettenpapier,0.0
2020-03-01,8,ger,toiletpaper,toilettenpapier,6.0
2020-03-08,20,ger,toiletpaper,toilettenpapier,18.0
2020-03-15,100,ger,toiletpaper,toilettenpapier,98.0
2020-03-22,73,ger,toiletpaper,toilettenpapier,71.0
2020-03-29,42,ger,toiletpaper,toilettenpapier,40.0
2020-04-05,20,ger,toiletpaper,toilettenpapier,18.0
2020-04-12,10,ger,toiletpaper,toilettenpapier,8.0
2020-04-19,7,ger,toiletpaper,toilettenpapier,5.0
2020-04-26,3,ger,toiletpaper,toilettenpapier,1.0
2020-05-03,3,ger,toiletpaper,toilettenpapier,1.0
2020-05-10,3,ger,toiletpaper,toilettenpapier,2.0
2020-05-17,3,ger,toiletpaper,toilettenpapier,1.0
2020-05-24,3,ger,toiletpaper,toilettenpapier,1.0
2020-05-31,2,ger,toiletpaper,toilettenpapier,0.0
2020-06-07,2,ger,toiletpaper,toilettenpapier,1.0
2020-06-14,2,ger,toiletpaper,toilettenpapier,1.0
2020-06-21,2,ger,toiletpaper,toilettenpapier,0.0
2020-06-28,2,ger,toiletpaper,toilettenpapier,0.0
2020-07-05,3,ger,toiletpaper,toilettenpapier,1.0
2020-07-12,2,ger,toiletpaper,toilettenpapier,0.0
2020-07-19,2,ger,toiletpaper,toilettenpapier,0.0
2020-07-26,2,ger,toiletpaper,toilettenpapier,0.0
2020-08-02,2,ger,toiletpaper,toilettenpapier,0.0
2020-08-09,2,ger,toiletpaper,toilettenpapier,0.0
2020-08-16,1,ger,toiletpaper,toilettenpapier,-1.0
2020-08-23,2,ger,toiletpaper,toilettenpapier,0.0
2020-08-30,2,ger,toiletpaper,toilettenpapier,0.0
2020-09-06,2,ger,toiletpaper,toilettenpapier,0.0
2020-09-13,2,ger,toiletpaper,toilettenpapier,0.0
2020-09-20,2,ger,toiletpaper,toilettenpapier,0.0
2020-09-27,2,ger,toiletpaper,toilettenpapier,0.0
2020-10-04,2,ger,toiletpaper,toilettenpapier,0.0
2020-10-11,6,ger,toiletpaper,toilettenpapier,4.0
2020-10-18,13,ger,toiletpaper,toilettenpapier,12.0
2020-10-25,6,ger,toiletpaper,toilettenpapier,4.0
2020-11-01,3,ger,toiletpaper,toilettenpapier,1.0
2019-11-03,5,nl,toiletpaper,toiletpapier,-1.0
2019-11-10,7,nl,toiletpaper,toiletpapier,0.0
2019-11-17,5,nl,toiletpaper,toiletpapier,-1.0
2019-11-24,10,nl,toiletpaper,toiletpapier,2.0
2019-12-01,3,nl,toiletpaper,toiletpapier,-1.0
2019-12-08,7,nl,toiletpaper,toiletpapier,0.0
2019-12-15,3,nl,toiletpaper,toiletpapier,-3.0
2019-12-22,5,nl,toiletpaper,toiletpapier,1.0
2019-12-29,6,nl,toiletpaper,toiletpapier,-2.0
2020-01-05,13,nl,toiletpaper,toiletpapier,5.0
2020-01-12,11,nl,toiletpaper,toiletpapier,5.0
2020-01-19,7,nl,toiletpaper,toiletpapier,-1.0
2020-01-26,8,nl,toiletpaper,toiletpapier,4.0
2020-02-02,9,nl,toiletpaper,toiletpapier,5.0
2020-02-09,8,nl,toiletpaper,toiletpapier,1.0
2020-02-16,7,nl,toiletpaper,toiletpapier,-2.0
2020-02-23,12,nl,toiletpaper,toiletpapier,5.0
2020-03-01,14,nl,toiletpaper,toiletpapier,5.0
2020-03-08,87,nl,toiletpaper,toiletpapier,81.0
2020-03-15,100,nl,toiletpaper,toiletpapier,93.0
2020-03-22,34,nl,toiletpaper,toiletpapier,27.0
2020-03-29,15,nl,toiletpaper,toiletpapier,10.0
2020-04-05,8,nl,toiletpaper,toiletpapier,1.0
2020-04-12,11,nl,toiletpaper,toiletpapier,6.0
2020-04-19,9,nl,toiletpaper,toiletpapier,3.0
2020-04-26,11,nl,toiletpaper,toiletpapier,3.0
2020-05-03,8,nl,toiletpaper,toiletpapier,2.0
2020-05-10,11,nl,toiletpaper,toiletpapier,4.0
2020-05-17,6,nl,toiletpaper,toiletpapier,2.0
2020-05-24,12,nl,toiletpaper,toiletpapier,7.0
2020-05-31,8,nl,toiletpaper,toiletpapier,2.0
2020-06-07,10,nl,toiletpaper,toiletpapier,6.0
2020-06-14,8,nl,toiletpaper,toiletpapier,0.0
2020-06-21,7,nl,toiletpaper,toiletpapier,0.0
2020-06-28,6,nl,toiletpaper,toiletpapier,1.0
2020-07-05,6,nl,toiletpaper,toiletpapier,-3.0
2020-07-12,8,nl,toiletpaper,toiletpapier,4.0
2020-07-19,7,nl,toiletpaper,toiletpapier,2.0
2020-07-26,5,nl,toiletpaper,toiletpapier,-2.0
2020-08-02,12,nl,toiletpaper,toiletpapier,1.0
2020-08-09,8,nl,toiletpaper,toiletpapier,-1.0
2020-08-16,10,nl,toiletpaper,toiletpapier,7.0
2020-08-23,8,nl,toiletpaper,toiletpapier,2.0
2020-08-30,8,nl,toiletpaper,toiletpapier,0.0
2020-09-06,8,nl,toiletpaper,toiletpapier,2.0
2020-09-13,8,nl,toiletpaper,toiletpapier,2.0
2020-09-20,8,nl,toiletpaper,toiletpapier,3.0
2020-09-27,7,nl,toiletpaper,toiletpapier,0.0
2020-10-04,11,nl,toiletpaper,toiletpapier,3.0
2020-10-11,12,nl,toiletpaper,toiletpapier,3.0
2020-10-18,12,nl,toiletpaper,toiletpapier,4.0
2020-10-25,5,nl,toiletpaper,toiletpapier,-3.0
2020-11-01,9,nl,toiletpaper,toiletpapier,4.0
2019-11-03,5,uk,toiletpaper,toiletpaper,0.0
2019-11-10,4,uk,toiletpaper,toiletpaper,-1.0
2019-11-17,5,uk,toiletpaper,toiletpaper,-1.0
2019-11-24,6,uk,toiletpaper,toiletpaper,0.0
2019-12-01,6,uk,toiletpaper,toiletpaper,0.0
2019-12-08,5,uk,toiletpaper,toiletpaper,0.0
2019-12-15,6,uk,toiletpaper,toiletpaper,1.0
2019-12-22,5,uk,toiletpaper,toiletpaper,1.0
2019-12-29,5,uk,toiletpaper,toiletpaper,0.0
2020-01-05,6,uk,toiletpaper,toiletpaper,2.0
2020-01-12,6,uk,toiletpaper,toiletpaper,1.0
2020-01-19,6,uk,toiletpaper,toiletpaper,0.0
2020-01-26,6,uk,toiletpaper,toiletpaper,1.0
2020-02-02,5,uk,toiletpaper,toiletpaper,1.0
2020-02-09,5,uk,toiletpaper,toiletpaper,-2.0
2020-02-16,5,uk,toiletpaper,toiletpaper,-18.0
2020-02-23,5,uk,toiletpaper,toiletpaper,0.0
2020-03-01,31,uk,toiletpaper,toiletpaper,26.0
2020-03-08,90,uk,toiletpaper,toiletpaper,86.0
2020-03-15,100,uk,toiletpaper,toiletpaper,95.0
2020-03-22,40,uk,toiletpaper,toiletpaper,36.0
2020-03-29,17,uk,toiletpaper,toiletpaper,12.0
2020-04-05,10,uk,toiletpaper,toiletpaper,6.0
2020-04-12,10,uk,toiletpaper,toiletpaper,5.0
2020-04-19,9,uk,toiletpaper,toiletpaper,5.0
2020-04-26,8,uk,toiletpaper,toiletpaper,4.0
2020-05-03,9,uk,toiletpaper,toiletpaper,4.0
2020-05-10,9,uk,toiletpaper,toiletpaper,5.0
2020-05-17,8,uk,toiletpaper,toiletpaper,3.0
2020-05-24,7,uk,toiletpaper,toiletpaper,3.0
2020-05-31,7,uk,toiletpaper,toiletpaper,3.0
2020-06-07,6,uk,toiletpaper,toiletpaper,0.0
2020-06-14,6,uk,toiletpaper,toiletpaper,1.0
2020-06-21,6,uk,toiletpaper,toiletpaper,1.0
2020-06-28,6,uk,toiletpaper,toiletpaper,1.0
2020-07-05,5,uk,toiletpaper,toiletpaper,0.0
2020-07-12,5,uk,toiletpaper,toiletpaper,0.0
2020-07-19,5,uk,toiletpaper,toiletpaper,1.0
2020-07-26,6,uk,toiletpaper,toiletpaper,2.0
2020-08-02,4,uk,toiletpaper,toiletpaper,-1.0
2020-08-09,4,uk,toiletpaper,toiletpaper,-1.0
2020-08-16,6,uk,toiletpaper,toiletpaper,1.0
2020-08-23,6,uk,toiletpaper,toiletpaper,1.0
2020-08-30,6,uk,toiletpaper,toiletpaper,1.0
2020-09-06,5,uk,toiletpaper,toiletpaper,1.0
2020-09-13,6,uk,toiletpaper,toiletpaper,1.0
2020-09-20,9,uk,toiletpaper,toiletpaper,5.0
2020-09-27,9,uk,toiletpaper,toiletpaper,4.0
2020-10-04,7,uk,toiletpaper,toiletpaper,1.0
2020-10-11,6,uk,toiletpaper,toiletpaper,-1.0
2020-10-18,7,uk,toiletpaper,toiletpaper,2.0
2020-10-25,9,uk,toiletpaper,toiletpaper,3.0
2020-11-01,7,uk,toiletpaper,toiletpaper,2.0
